00000080.jpg,4,1,20,Concrete,Brick,Lodging
00002059.jpg,4,2,5,Concrete,Wood/Siding,Retail or Professional Services
sun_ajdijhavizlbtndd.jpg,2,7,8,Wood/Siding,None,Entertainment & Recreation
00000790.jpg,2,7,1,Wood/Siding,None,Single Family Dwelling
sun_ajftrjbkoiigpzuh.jpg,2,3,5,Wood/Siding,Glass,Retail or Professional Services
sun_dadawdeatcuaykoa.jpg,2,3,5,Wood/Siding,Glass,Retail or Professional Services
gsun_0b58f4e757f7d15f25d3c7831aa6284b.jpg,4,2,3,Concrete,Wood/Siding,Medium Multi Family Dwelling - 5-50 Units
gsun_0cf108bf0c250763a777d15fa114bb88.jpg,4,7,5,Concrete,None,Retail or Professional Services
00000019.jpg,2,7,19,Wood/Siding,None,Agriculture
00003710.jpg,4,2,8,Concrete,Wood/Siding,Entertainment & Recreation
00004383.jpg,1,4,5,Brick,Concrete,Retail or Professional Services
gsun_0c3430d54f263fb5859fba77e560c2cb.jpg,1,2,5,Brick,Wood/Siding,Retail or Professional Services
00000027.jpg,8,8,19,Deleted,Deleted,Agriculture
00004531.jpg,2,1,1,Wood/Siding,Brick,Single Family Dwelling
sun_amzwbhgonvluqymb.jpg,2,7,8,Wood/Siding,None,Entertainment & Recreation
00000035.jpg,2,7,19,Wood/Siding,None,Agriculture
gsun_0a4dae3505dd0d61b9069b76b2aad68b.jpg,4,2,1,Concrete,Wood/Siding,Single Family Dwelling
sun_aqqmrlpadtnmoidy.jpg,4,7,3,Concrete,None,Medium Multi Family Dwelling - 5-50 Units
sun_aumygllebmvzzdtg.jpg,4,7,5,Concrete,None,Retail or Professional Services
00000573.jpg,4,5,8,Concrete,Steel,Entertainment & Recreation
00003032.jpg,8,8,9,Deleted,Deleted,Colleges/Universities
gsun_0ca3c40dd811e82de8fcab68ceb6adc8.jpg,1,2,10,Brick,Wood/Siding,Grade Schools
gsun_0a9359ca0e8051f6a2a9916c802c963a.jpg,4,2,1,Concrete,Wood/Siding,Single Family Dwelling
gsun_0c6f35cbce649e128f7f2a7f7c29435f.jpg,2,7,10,Wood/Siding,None,Grade Schools
gsun_00a3c8361f7f551d6e2aa2224f47f807.jpg,4,1,5,Concrete,Brick,Retail or Professional Services
00001780.jpg,4,2,3,Concrete,Wood/Siding,Medium Multi Family Dwelling - 5-50 Units
gsun_0ce23723b9c3352c0776f0307d990f15.jpg,4,1,5,Concrete,Brick,Retail or Professional Services
gsun_1ac95111de7f9166d46d52a4865ab620.jpg,4,1,5,Concrete,Brick,Retail or Professional Services
00000109.jpg,4,2,20,Concrete,Wood/Siding,Lodging
gsun_1bd87331d6a65503e1deda06b2a440e0.jpg,4,5,5,Concrete,Steel,Retail or Professional Services
sun_abhfmupcwoqjgoqx.jpg,4,7,5,Concrete,None,Retail or Professional Services
gsun_0ddf89e09295562270169896daf9e340.jpg,4,2,5,Concrete,Wood/Siding,Retail or Professional Services
gsun_0ab5fe04d247d548ed9a56a9cea8ec6a.jpg,5,3,8,Steel,Glass,Entertainment & Recreation
gsun_01a14bef8de8cd27f5c2684743051327.jpg,2,3,5,Wood/Siding,Glass,Retail or Professional Services
00000055.jpg,2,7,19,Wood/Siding,None,Agriculture
gsun_0f70c7cfb49a4ce352202fad67f99111.jpg,4,7,5,Concrete,None,Retail or Professional Services
gsun_0aef1c933e759dd655c345abe70382d8.jpg,8,8,20,Deleted,Deleted,Lodging
00001057.jpg,4,2,10,Concrete,Wood/Siding,Grade Schools
00002050.jpg,2,7,8,Wood/Siding,None,Entertainment & Recreation
00004964.jpg,4,2,11,Concrete,Wood/Siding,Government
00000788.jpg,4,2,20,Concrete,Wood/Siding,Lodging
gsun_0bbc17f9e17ea3776eb4b7cc4d7bffef.jpg,4,2,3,Concrete,Wood/Siding,Medium Multi Family Dwelling - 5-50 Units
00000094.jpg,1,7,21,Brick,None,Church/Non-Profit
00002341.jpg,2,7,5,Wood/Siding,None,Retail or Professional Services
sun_apgcnsasvftbfpnj.jpg,4,3,5,Concrete,Glass,Retail or Professional Services
00002639.jpg,8,8,7,Deleted,Deleted,Technology/Research
gsun_0ca815efba2d4d57db8dd9a000a08ff2.jpg,1,2,5,Brick,Wood/Siding,Retail or Professional Services
gsun_1be99b33563dee247bc9ac19060a5fda.jpg,2,1,5,Wood/Siding,Brick,Retail or Professional Services
00003301.jpg,2,7,19,Wood/Siding,None,Agriculture
00000082.jpg,8,8,17,Deleted,Deleted,Parking
gsun_0f1cf3b417f4af125fe2b5e84558f4ce.jpg,2,7,1,Wood/Siding,None,Single Family Dwelling
00004379.jpg,1,2,5,Brick,Wood/Siding,Retail or Professional Services
gsun_0dd482e0bedb13ff5650ab59d773b1ca.jpg,1,4,5,Brick,Concrete,Retail or Professional Services
00000075.jpg,1,4,5,Brick,Concrete,Retail or Professional Services
gsun_0ca8ef0a09bd72e3921e9c09ddf254a0.jpg,1,4,21,Brick,Concrete,Church/Non-Profit
sun_ajdqiogobgxukwgs.jpg,4,2,20,Concrete,Wood/Siding,Lodging
gsun_00a0b214a4eb5410c76405155fb63292.jpg,4,7,22,Concrete,None,Construction
00000085.jpg,4,2,20,Concrete,Wood/Siding,Lodging
00000288.jpg,2,5,22,Wood/Siding,Steel,Construction
gsun_0cee4587beda8b13ee7dcd93ab7e30ae.jpg,4,2,20,Concrete,Wood/Siding,Lodging
00000084.jpg,4,2,3,Concrete,Wood/Siding,Medium Multi Family Dwelling - 5-50 Units
sun_aqrrfeqaylcbuioh.jpg,1,2,3,Brick,Wood/Siding,Medium Multi Family Dwelling - 5-50 Units
sun_aaafxrsrnpincanu.jpg,2,5,3,Wood/Siding,Steel,Medium Multi Family Dwelling - 5-50 Units
gsun_0ab17e6a6e776d8e34efe5d5233d7a69.jpg,4,1,5,Concrete,Brick,Retail or Professional Services
gsun_0d55ca56f6dd624d71337e83c1891e45.jpg,1,4,10,Brick,Concrete,Grade Schools
gsun_0beef1c4f23d9775319e286c2c4a0ed1.jpg,4,3,5,Concrete,Glass,Retail or Professional Services
gsun_0eb44390a849dda6fe96305938a29218.jpg,1,2,2,Brick,Wood/Siding,Small Multi Family Dwelling - 2-4 Units
sun_ayztrutkwelmvxye.jpg,1,2,3,Brick,Wood/Siding,Medium Multi Family Dwelling - 5-50 Units
gsun_1bcc2a5be35e6d3d1a9bd62b37cda900.jpg,4,2,4,Concrete,Wood/Siding,Large Multi Family Dwelling - >50 Units
00000705.jpg,1,2,1,Brick,Wood/Siding,Single Family Dwelling
00001611.jpg,1,2,5,Brick,Wood/Siding,Retail or Professional Services
sun_aaawvlrqzhhgypvf.jpg,4,7,11,Concrete,None,Government
gsun_3693030b755620ea8d472f61d72193a1.jpg,8,8,20,Deleted,Deleted,Lodging
00004960.jpg,4,1,11,Concrete,Brick,Government
gsun_0a33c1dd3c93d43be84c46a115a804d7.jpg,1,4,2,Brick,Concrete,Small Multi Family Dwelling - 2-4 Units
gsun_1ac650c3f8eb0f70f8bd76b67b29fe3b.jpg,8,8,20,Deleted,Deleted,Lodging
gsun_0c6b82543a4762fd1f985c45ce832b46.jpg,1,2,5,Brick,Wood/Siding,Retail or Professional Services
sun_chrpkkxhxjxmywcy.jpg,2,7,6,Wood/Siding,None,Industry/Manufacturing
00000696.jpg,1,2,1,Brick,Wood/Siding,Single Family Dwelling
gsun_0ca05d02fa5642e53cf02f8bee4623ae.jpg,2,7,1,Wood/Siding,None,Single Family Dwelling
00000054.jpg,8,8,19,Deleted,Deleted,Agriculture
sun_adapghvrjplpusrh.jpg,4,2,3,Concrete,Wood/Siding,Medium Multi Family Dwelling - 5-50 Units
00003034.jpg,4,1,5,Concrete,Brick,Retail or Professional Services
gsun_0f3d5aaa55e216566b371f76efe283bf.jpg,1,5,8,Brick,Steel,Entertainment & Recreation
00002648.jpg,8,8,7,Deleted,Deleted,Technology/Research
gsun_0f71a3e7fc7bdb0c768a25a178c1740a.jpg,1,4,10,Brick,Concrete,Grade Schools
gsun_01a1eb91b067e735f78a7c65797f9fe5.jpg,1,2,1,Brick,Wood/Siding,Single Family Dwelling
00001053.jpg,4,2,2,Concrete,Wood/Siding,Small Multi Family Dwelling - 2-4 Units
00004382.jpg,4,2,5,Concrete,Wood/Siding,Retail or Professional Services
gsun_0aee1c69569c8ac2b46b302f016fa5a6.jpg,4,2,3,Concrete,Wood/Siding,Medium Multi Family Dwelling - 5-50 Units
gsun_0aef5065bf3f5baee4da3248dfdcf40f.jpg,4,2,20,Concrete,Wood/Siding,Lodging
sun_aupegvukaiyrpabc.jpg,2,7,8,Wood/Siding,None,Entertainment & Recreation
sun_bvvixqbrjdbvxagb.jpg,8,8,5,Deleted,Deleted,Retail or Professional Services
sun_addxylhrcnrfotpq.jpg,2,7,6,Wood/Siding,None,Industry/Manufacturing
gsun_0f1bdb405897b6e461a613b6cde2bfc5.jpg,4,2,5,Concrete,Wood/Siding,Retail or Professional Services
00001781.jpg,4,2,5,Concrete,Wood/Siding,Retail or Professional Services
gsun_0bbf65a085ec41ff2aa2ea88a8d3763c.jpg,1,4,3,Brick,Concrete,Medium Multi Family Dwelling - 5-50 Units
gsun_2995754eb502aedc0aec370aeb96c0fe.jpg,4,1,20,Concrete,Brick,Lodging
sun_cbqiorzusxnggiiq.jpg,4,2,6,Concrete,Wood/Siding,Industry/Manufacturing
00004957.jpg,4,1,10,Concrete,Brick,Grade Schools
gsun_4202692ac4c3d202f7529eab7143c281.jpg,5,3,5,Steel,Glass,Retail or Professional Services
00000074.jpg,1,4,21,Brick,Concrete,Church/Non-Profit
00004388.jpg,4,1,5,Concrete,Brick,Retail or Professional Services
00002137.jpg,1,4,8,Brick,Concrete,Entertainment & Recreation
gsun_0bbf3b705af3322f6e97008a9b793c58.jpg,3,5,5,Glass,Steel,Retail or Professional Services
gsun_0f1bc9bd0e0f4c94ff7a5c9a3578ddc5.jpg,1,2,10,Brick,Wood/Siding,Grade Schools
gsun_a44a296a3995a4b443aa809da8564d6a.jpg,4,7,3,Concrete,None,Medium Multi Family Dwelling - 5-50 Units
gsun_1a04fa3188b3382130597d1eb36c6851.jpg,2,7,16,Wood/Siding,None,Mobile Home
gsun_0a4eaa4b885a35add05b6220baf62ae9.jpg,5,3,5,Steel,Glass,Retail or Professional Services
gsun_1bcc8542fc688afc0c9c7e8a884d29c2.jpg,4,1,5,Concrete,Brick,Retail or Professional Services
gsun_0eb3c980f1cc2b3b998717e895794dc3.jpg,4,1,11,Concrete,Brick,Government
sun_anbwnehcbdaoiqtz.jpg,4,3,5,Concrete,Glass,Retail or Professional Services
00004525.jpg,4,1,21,Concrete,Brick,Church/Non-Profit
gsun_0af0db5a554b60d4a78904136e85ef90.jpg,4,1,5,Concrete,Brick,Retail or Professional Services
gsun_0f3b222edc7bcf9cc354a97f43d52d3e.jpg,1,4,3,Brick,Concrete,Medium Multi Family Dwelling - 5-50 Units
gsun_0f1e6a5a1742e45423532c72ebf6633e.jpg,4,3,5,Concrete,Glass,Retail or Professional Services
00000102.jpg,4,1,4,Concrete,Brick,Large Multi Family Dwelling - >50 Units
gsun_00d082c66e8ee578448cc83e8a4ec0a9.jpg,8,8,7,Deleted,Deleted,Technology/Research
00000098.jpg,1,7,3,Brick,None,Medium Multi Family Dwelling - 5-50 Units
00002061.jpg,2,7,20,Wood/Siding,None,Lodging
gsun_0a8742e5b8ccc343871b748450920a13.jpg,2,7,1,Wood/Siding,None,Single Family Dwelling
gsun_0c116d3f2548a1ab913894e00774824a.jpg,1,7,20,Brick,None,Lodging
00000095.jpg,4,1,3,Concrete,Brick,Medium Multi Family Dwelling - 5-50 Units
sun_bxutyvpmnthcrvjc.jpg,4,2,5,Concrete,Wood/Siding,Retail or Professional Services
00000578.jpg,4,5,8,Concrete,Steel,Entertainment & Recreation
sun_aqxkmpespujtvovh.jpg,4,5,5,Concrete,Steel,Retail or Professional Services
gsun_0eb3bbfa0e42eed71e26dcd378b5fdb4.jpg,4,7,5,Concrete,None,Retail or Professional Services
gsun_0e6ef10b7fe2925c1f79d95404e99a23.jpg,4,2,8,Concrete,Wood/Siding,Entertainment & Recreation
gsun_00d750eaed0493a1c4350f6f973885ac.jpg,5,3,5,Steel,Glass,Retail or Professional Services
00002338.jpg,8,8,8,Deleted,Deleted,Entertainment & Recreation
00000009.jpg,2,7,19,Wood/Siding,None,Agriculture
gsun_0c255dd716c93d345e859eacf28dda7a.jpg,4,7,1,Concrete,None,Single Family Dwelling
00001058.jpg,1,4,5,Brick,Concrete,Retail or Professional Services
00000092.jpg,1,4,3,Brick,Concrete,Medium Multi Family Dwelling - 5-50 Units
sun_aqynxpovjqjgagth.jpg,4,2,3,Concrete,Wood/Siding,Medium Multi Family Dwelling - 5-50 Units
00002647.jpg,8,8,7,Deleted,Deleted,Technology/Research
gsun_03541944fe3ba25756f3e20812bdf024.jpg,4,1,3,Concrete,Brick,Medium Multi Family Dwelling - 5-50 Units
sun_abhhlnxpqurnjnds.jpg,2,7,1,Wood/Siding,None,Single Family Dwelling
sun_ayvveaihqlchfept.jpg,4,7,5,Concrete,None,Retail or Professional Services
00001364.jpg,2,7,1,Wood/Siding,None,Single Family Dwelling
00001776.jpg,4,5,22,Concrete,Steel,Construction
00000058.jpg,1,4,5,Brick,Concrete,Retail or Professional Services
gsun_0d4b6dc68dbfb055f3b92769ff1861a2.jpg,4,7,3,Concrete,None,Medium Multi Family Dwelling - 5-50 Units
00000101.jpg,4,1,3,Concrete,Brick,Medium Multi Family Dwelling - 5-50 Units
gsun_1a4c65caefc020ccee14ce668ca6de4c.jpg,2,7,20,Wood/Siding,None,Lodging
gsun_0cd3b206f88012226c20b1a8e1304443.jpg,4,1,8,Concrete,Brick,Entertainment & Recreation
sun_adavggwabpzrfnhg.jpg,2,4,8,Wood/Siding,Concrete,Entertainment & Recreation
gsun_0f47de0f084ae5bd8f6547268f161a5e.jpg,4,7,21,Concrete,None,Church/Non-Profit
00000797.jpg,2,7,1,Wood/Siding,None,Single Family Dwelling
gsun_0f1c020653f0ef923a8a596034409ce9.jpg,4,2,1,Concrete,Wood/Siding,Single Family Dwelling
sun_ajdsryrxcbzwgutl.jpg,2,7,1,Wood/Siding,None,Single Family Dwelling
00002142.jpg,2,7,19,Wood/Siding,None,Agriculture
00000041.jpg,1,2,19,Brick,Wood/Siding,Agriculture
00001050.jpg,2,4,5,Wood/Siding,Concrete,Retail or Professional Services
sun_dcixxapxvfaslrni.jpg,1,4,7,Brick,Concrete,Technology/Research
00000086.jpg,4,7,8,Concrete,None,Entertainment & Recreation
gsun_0f60b63d417ecc4795c5b7eba94d4aa4.jpg,4,2,5,Concrete,Wood/Siding,Retail or Professional Services
gsun_1ac1581021d31c179425af80497f11d0.jpg,1,4,3,Brick,Concrete,Medium Multi Family Dwelling - 5-50 Units
gsun_01ed4f2d2e45da01d6dbcb7d6ec79051.jpg,2,7,1,Wood/Siding,None,Single Family Dwelling
gsun_1be232caa34f34601f81ed61a0ffde1f.jpg,2,1,5,Wood/Siding,Brick,Retail or Professional Services
00004962.jpg,4,7,3,Concrete,None,Medium Multi Family Dwelling - 5-50 Units
sun_ajdskwznrxpblrcc.jpg,4,2,5,Concrete,Wood/Siding,Retail or Professional Services
gsun_0b4b7020670986c194f6bde42554bd66.jpg,2,7,10,Wood/Siding,None,Grade Schools
00000284.jpg,2,7,16,Wood/Siding,None,Mobile Home
00004536.jpg,4,2,1,Concrete,Wood/Siding,Single Family Dwelling
gsun_0a28ba967008711591e7fc365447cdb4.jpg,5,3,22,Steel,Glass,Construction
00000052.jpg,2,7,20,Wood/Siding,None,Lodging
gsun_00d435bf27f46af50ce59d4b991d2bd9.jpg,8,8,7,Deleted,Deleted,Technology/Research
00003035.jpg,4,7,10,Concrete,None,Grade Schools
00000021.jpg,2,7,19,Wood/Siding,None,Agriculture
gsun_0a33a960e419123a43c663333407bd70.jpg,8,8,8,Deleted,Deleted,Entertainment & Recreation
sun_aabokzasexlvgivk.jpg,4,1,1,Concrete,Brick,Single Family Dwelling
gsun_0c6abb9f496255d5632c205b4b0c8fb6.jpg,4,1,5,Concrete,Brick,Retail or Professional Services
00000040.jpg,2,7,19,Wood/Siding,None,Agriculture
sun_bywghpugkkhbrupt.jpg,2,7,1,Wood/Siding,None,Single Family Dwelling
sun_aqyxacnbgmuihkjw.jpg,4,2,20,Concrete,Wood/Siding,Lodging
00000907.jpg,6,2,20,Stone,Wood/Siding,Lodging
gsun_0f65a9e196c553721ef69df1c901dde4.jpg,8,8,5,Deleted,Deleted,Retail or Professional Services
gsun_0e7c676ec727334a76237beb7dc9b949.jpg,2,7,10,Wood/Siding,None,Grade Schools
gsun_a52f3b98d86559deb76fb8af5b970058.jpg,4,7,2,Concrete,None,Small Multi Family Dwelling - 2-4 Units
00002147.jpg,4,2,1,Concrete,Wood/Siding,Single Family Dwelling
00002060.jpg,2,7,5,Wood/Siding,None,Retail or Professional Services
gsun_01a7f6bc807153e7086ebffb56c85b38.jpg,4,2,1,Concrete,Wood/Siding,Single Family Dwelling
gsun_0bf0cc1c76bd9bb330d8d0dc084ea373.jpg,2,4,10,Wood/Siding,Concrete,Grade Schools
00000117.jpg,8,8,5,Deleted,Deleted,Retail or Professional Services
00003300.jpg,6,2,19,Stone,Wood/Siding,Agriculture
gsun_1a4ba0d1b473f357f979afea8240dc94.jpg,2,7,10,Wood/Siding,None,Grade Schools
00000112.jpg,4,7,3,Concrete,None,Medium Multi Family Dwelling - 5-50 Units
00002054.jpg,1,2,5,Brick,Wood/Siding,Retail or Professional Services
gsun_000e4180cf14a4a9c7e9dd2bcd2bc023.jpg,2,7,10,Wood/Siding,None,Grade Schools
gsun_1bedb96b2eea220ba2e2e20e7400846e.jpg,4,7,11,Concrete,None,Government
gsun_0d4eb98d10722caf32c0653f2cd02604.jpg,8,8,22,Deleted,Deleted,Construction
gsun_a33a7ce66274d1b601e2e5197dac242d.jpg,4,1,20,Concrete,Brick,Lodging
gsun_0cd0da061c232a48f75d35d4c5bc5aa2.jpg,4,3,5,Concrete,Glass,Retail or Professional Services
sun_apivcbwkirpsvsva.jpg,4,5,3,Concrete,Steel,Medium Multi Family Dwelling - 5-50 Units
gsun_1bddf7bd69f0ad842f872bdf675e03ad.jpg,1,2,20,Brick,Wood/Siding,Lodging
gsun_01ed0f27814ee69a530daa44827a7d06.jpg,4,7,5,Concrete,None,Retail or Professional Services
gsun_3901971dfc23770f5897bbc2c5c2e1ed.jpg,4,1,4,Concrete,Brick,Large Multi Family Dwelling - >50 Units
gsun_1bd5f652ba67c24afa7cbfb54f9ce929.jpg,8,8,7,Deleted,Deleted,Technology/Research
gsun_3415767b73647a17010860ba745aa64c.jpg,2,4,20,Wood/Siding,Concrete,Lodging
00000281.jpg,2,7,5,Wood/Siding,None,Retail or Professional Services
00001785.jpg,1,5,6,Brick,Steel,Industry/Manufacturing
gsun_1a4f29de0e41a44afafb776631306f14.jpg,4,5,6,Concrete,Steel,Industry/Manufacturing
00002051.jpg,4,2,8,Concrete,Wood/Siding,Entertainment & Recreation
00000091.jpg,4,1,5,Concrete,Brick,Retail or Professional Services
00002637.jpg,2,7,8,Wood/Siding,None,Entertainment & Recreation
gsun_0b4ee1a8fac1646482d948473e0c64f9.jpg,4,2,2,Concrete,Wood/Siding,Small Multi Family Dwelling - 2-4 Units
gsun_a42a5bb7b1cc047ef081730bbc2b1dc7.jpg,8,8,5,Deleted,Deleted,Retail or Professional Services
00004535.jpg,8,8,20,Deleted,Deleted,Lodging
00001782.jpg,5,3,5,Steel,Glass,Retail or Professional Services
sun_datsemlifpjmmnok.jpg,4,5,5,Concrete,Steel,Retail or Professional Services
00003700.jpg,4,2,5,Concrete,Wood/Siding,Retail or Professional Services
gsun_0bedf2a51bc13f01b3f9abbdb26b5b74.jpg,4,2,5,Concrete,Wood/Siding,Retail or Professional Services
gsun_01a117d4e476b94bbeb2216d9ea0b3d6.jpg,4,7,3,Concrete,None,Medium Multi Family Dwelling - 5-50 Units
gsun_a39a3426c4e085659fb3ab0972257df2.jpg,4,2,20,Concrete,Wood/Siding,Lodging
00003303.jpg,2,7,19,Wood/Siding,None,Agriculture
sun_apdmhbhhmwpkeaak.jpg,4,5,22,Concrete,Steel,Construction
00000902.jpg,1,4,5,Brick,Concrete,Retail or Professional Services
sun_aabhwrqvnhanonuy.jpg,1,2,10,Brick,Wood/Siding,Grade Schools
00000897.jpg,2,7,1,Wood/Siding,None,Single Family Dwelling
gsun_0a08306f7cbbc8ce7b7cd47185b3732a.jpg,2,5,5,Wood/Siding,Steel,Retail or Professional Services
00001928.jpg,1,2,20,Brick,Wood/Siding,Lodging
gsun_1a3f1b22cd9fc39593efca60ed0f8235.jpg,1,2,1,Brick,Wood/Siding,Single Family Dwelling
00000013.jpg,2,7,1,Wood/Siding,None,Single Family Dwelling
00000033.jpg,2,7,19,Wood/Siding,None,Agriculture
00000042.jpg,8,8,19,Deleted,Deleted,Agriculture
gsun_1ac5fb566ffd6a9f43ded525738cc67b.jpg,5,3,5,Steel,Glass,Retail or Professional Services
gsun_0eab64335e2a0e5ffddf2d0fc6bac384.jpg,4,5,5,Concrete,Steel,Retail or Professional Services
sun_abiohpdioinnseds.jpg,1,4,3,Brick,Concrete,Medium Multi Family Dwelling - 5-50 Units
00003707.jpg,4,7,3,Concrete,None,Medium Multi Family Dwelling - 5-50 Units
gsun_0d5a3ae907bb43ec076d7fe40f2bb4c2.jpg,1,2,1,Brick,Wood/Siding,Single Family Dwelling
gsun_0cd32df3eeb3449a47a5fd10c2ece636.jpg,1,2,20,Brick,Wood/Siding,Lodging
gsun_0d046b9f55edcdbce64e1b7e5ed0378e.jpg,4,2,3,Concrete,Wood/Siding,Medium Multi Family Dwelling - 5-50 Units
gsun_0be869f8c4bff32f5bf97b8c11bdcbf6.jpg,2,1,5,Wood/Siding,Brick,Retail or Professional Services
sun_abhyhaijtquxkqjb.jpg,4,7,3,Concrete,None,Medium Multi Family Dwelling - 5-50 Units
00000096.jpg,4,1,3,Concrete,Brick,Medium Multi Family Dwelling - 5-50 Units
00003039.jpg,4,2,5,Concrete,Wood/Siding,Retail or Professional Services
gsun_0ce6180dbf314e069256e061676afa3f.jpg,4,2,21,Concrete,Wood/Siding,Church/Non-Profit
gsun_0b05db247bc5647f63e9507c209edd30.jpg,1,2,1,Brick,Wood/Siding,Single Family Dwelling
sun_ajfdbuxrpqjurxyk.jpg,1,2,1,Brick,Wood/Siding,Single Family Dwelling
00004381.jpg,4,2,3,Concrete,Wood/Siding,Medium Multi Family Dwelling - 5-50 Units
00001055.jpg,1,4,8,Brick,Concrete,Entertainment & Recreation
gsun_1bd975771f3b0c8d5a330e7a41ee84c2.jpg,5,7,5,Steel,None,Retail or Professional Services
00003040.jpg,1,2,1,Brick,Wood/Siding,Single Family Dwelling
00000105.jpg,4,5,3,Concrete,Steel,Medium Multi Family Dwelling - 5-50 Units
00000060.jpg,4,2,9,Concrete,Wood/Siding,Colleges/Universities
gsun_0aebc29b68e9e1c0e940a83489cfd707.jpg,4,7,5,Concrete,None,Retail or Professional Services
gsun_1abd2743d3948f840fc04bd90c91095b.jpg,4,3,5,Concrete,Glass,Retail or Professional Services
gsun_0a08205e12e8c08070d24dffff8c0cf8.jpg,2,7,19,Wood/Siding,None,Agriculture
gsun_0c6d5426fc0263ec731b6a3016909ce1.jpg,1,2,21,Brick,Wood/Siding,Church/Non-Profit
00000455.jpg,4,5,5,Concrete,Steel,Retail or Professional Services
00000704.jpg,4,2,5,Concrete,Wood/Siding,Retail or Professional Services
00003703.jpg,4,1,3,Concrete,Brick,Medium Multi Family Dwelling - 5-50 Units
00003038.jpg,1,2,1,Brick,Wood/Siding,Single Family Dwelling
00001614.jpg,2,4,20,Wood/Siding,Concrete,Lodging
00000287.jpg,4,2,21,Concrete,Wood/Siding,Church/Non-Profit
00003043.jpg,2,7,1,Wood/Siding,None,Single Family Dwelling
00001049.jpg,8,8,8,Deleted,Deleted,Entertainment & Recreation
gsun_0f02f1619f4b2d76a8c7783b848f04b1.jpg,2,4,1,Wood/Siding,Concrete,Single Family Dwelling
00000448.jpg,2,3,7,Wood/Siding,Glass,Technology/Research
gsun_1aca87a291da9aa40798a14e4f6d829f.jpg,4,2,5,Concrete,Wood/Siding,Retail or Professional Services
00001366.jpg,2,7,1,Wood/Siding,None,Single Family Dwelling
00000910.jpg,4,2,1,Concrete,Wood/Siding,Single Family Dwelling
00004538.jpg,4,2,1,Concrete,Wood/Siding,Single Family Dwelling
gsun_00d8f245027562f2b0168572209df92b.jpg,2,1,10,Wood/Siding,Brick,Grade Schools
gsun_0ddea212ad08fc642663a20ab48db9e1.jpg,3,5,5,Glass,Steel,Retail or Professional Services
00003041.jpg,2,5,22,Wood/Siding,Steel,Construction
gsun_1ac854d6b4438b632e539e8e1e3f791e.jpg,1,2,5,Brick,Wood/Siding,Retail or Professional Services
gsun_0aeddb1e3c25c80b6cd585275cd4c5d1.jpg,2,7,1,Wood/Siding,None,Single Family Dwelling
00002332.jpg,8,8,5,Deleted,Deleted,Retail or Professional Services
00000894.jpg,4,2,3,Concrete,Wood/Siding,Medium Multi Family Dwelling - 5-50 Units
00000030.jpg,2,7,19,Wood/Siding,None,Agriculture
gsun_0ab5005340fe384adb16205f69813b2c.jpg,4,2,21,Concrete,Wood/Siding,Church/Non-Profit
00002329.jpg,4,7,5,Concrete,None,Retail or Professional Services
00000072.jpg,4,2,1,Concrete,Wood/Siding,Single Family Dwelling
gsun_00d74c30a288f15a705a90d25af7165f.jpg,1,4,21,Brick,Concrete,Church/Non-Profit
00003302.jpg,1,2,1,Brick,Wood/Siding,Single Family Dwelling
gsun_0aef2c14cc432d8bf6c2713f2cd39d7d.jpg,2,3,5,Wood/Siding,Glass,Retail or Professional Services
gsun_0f03fd28052b7de4cd1adbc32c2da654.jpg,4,2,1,Concrete,Wood/Siding,Single Family Dwelling
00000001.jpg,2,7,1,Wood/Siding,None,Single Family Dwelling
gsun_0be575e8cf75637fa2252eb03ce47508.jpg,8,8,8,Deleted,Deleted,Entertainment & Recreation
sun_aaacnosloariecpa.jpg,2,7,8,Wood/Siding,None,Entertainment & Recreation
00003702.jpg,6,1,21,Stone,Brick,Church/Non-Profit
00000292.jpg,2,7,11,Wood/Siding,None,Government
gsun_0ab214a27a3d6d3c4d92cfd8625aa554.jpg,1,4,9,Brick,Concrete,Colleges/Universities
00000005.jpg,1,2,19,Brick,Wood/Siding,Agriculture
00002339.jpg,1,2,20,Brick,Wood/Siding,Lodging
00000002.jpg,2,7,19,Wood/Siding,None,Agriculture
sun_cqjojuvrndcpsbdg.jpg,1,2,6,Brick,Wood/Siding,Industry/Manufacturing
00000702.jpg,2,7,1,Wood/Siding,None,Single Family Dwelling
00000119.jpg,4,5,22,Concrete,Steel,Construction
00000706.jpg,2,7,1,Wood/Siding,None,Single Family Dwelling
00000045.jpg,2,7,1,Wood/Siding,None,Single Family Dwelling
00000023.jpg,2,7,19,Wood/Siding,None,Agriculture
sun_dcamvbgkawuaayeb.jpg,1,4,20,Brick,Concrete,Lodging
00000460.jpg,2,5,7,Wood/Siding,Steel,Technology/Research
sun_amvneeobymqxryzn.jpg,4,7,11,Concrete,None,Government
gsun_0eabf1749b3722509e6d76a013623fb4.jpg,1,7,8,Brick,None,Entertainment & Recreation
00002644.jpg,8,8,7,Deleted,Deleted,Technology/Research
sun_adchcaihybhaqkfh.jpg,2,5,6,Wood/Siding,Steel,Industry/Manufacturing
gsun_0a4f7c54f043e7817aff2e2a708aee32.jpg,1,2,20,Brick,Wood/Siding,Lodging
gsun_01f0ea09f5a97edebe03cecac92271f9.jpg,8,8,8,Deleted,Deleted,Entertainment & Recreation
gsun_00d06dbaf6e7ebb440b23ee69be2be63.jpg,2,4,7,Wood/Siding,Concrete,Technology/Research
00000036.jpg,2,7,19,Wood/Siding,None,Agriculture
gsun_00a3ac68d69f8f80dcfa6ce6e823ecbd.jpg,8,8,5,Deleted,Deleted,Retail or Professional Services
00001784.jpg,4,5,5,Concrete,Steel,Retail or Professional Services
gsun_1abddb0240bd0f21975188feb1890eaa.jpg,1,2,6,Brick,Wood/Siding,Industry/Manufacturing
00001937.jpg,8,8,20,Deleted,Deleted,Lodging
gsun_1ac1fa66502d29c15267360a29ea5fa1.jpg,1,4,5,Brick,Concrete,Retail or Professional Services
00001605.jpg,1,2,1,Brick,Wood/Siding,Single Family Dwelling
sun_aunjhtpowznxhmub.jpg,2,7,1,Wood/Siding,None,Single Family Dwelling
00001786.jpg,8,8,5,Deleted,Deleted,Retail or Professional Services
00000293.jpg,4,2,1,Concrete,Wood/Siding,Single Family Dwelling
00003704.jpg,4,7,20,Concrete,None,Lodging
gsun_1a4c7a759e175e8f7ea469ef93515536.jpg,2,7,1,Wood/Siding,None,Single Family Dwelling
gsun_0c109bc74e7588ec99fe2c5d6502876f.jpg,8,8,5,Deleted,Deleted,Retail or Professional Services
sun_aukhqfkvfdspjime.jpg,2,7,5,Wood/Siding,None,Retail or Professional Services
00000786.jpg,4,2,6,Concrete,Wood/Siding,Industry/Manufacturing
00000792.jpg,2,7,1,Wood/Siding,None,Single Family Dwelling
gsun_1a4dc2dae48b717de2a53a0044a97f9e.jpg,4,5,22,Concrete,Steel,Construction
00000906.jpg,2,7,1,Wood/Siding,None,Single Family Dwelling
gsun_0b4b183bb723e635a24b086d88616d7e.jpg,5,7,22,Steel,None,Construction
00000789.jpg,2,7,1,Wood/Siding,None,Single Family Dwelling
00004952.jpg,4,2,20,Concrete,Wood/Siding,Lodging
00000456.jpg,8,8,7,Deleted,Deleted,Technology/Research
gsun_000debe24942452f71fd17b09ec7a379.jpg,4,7,5,Concrete,None,Retail or Professional Services
gsun_1be190a77307202053412fe082ced74b.jpg,4,3,5,Concrete,Glass,Retail or Professional Services
gsun_0d077904b00bf3e5061161a96d74437a.jpg,5,3,5,Steel,Glass,Retail or Professional Services
gsun_0c4932d8d02d3f33fe97b1c4f9439f64.jpg,4,2,1,Concrete,Wood/Siding,Single Family Dwelling
gsun_0ab62883027f80f5a7bbdb7dabdc125a.jpg,1,2,10,Brick,Wood/Siding,Grade Schools
gsun_0bbe2d7482621bf94796725aad50b2ec.jpg,4,1,5,Concrete,Brick,Retail or Professional Services
sun_amvilwabpangscuo.jpg,2,7,8,Wood/Siding,None,Entertainment & Recreation
00001357.jpg,4,2,1,Concrete,Wood/Siding,Single Family Dwelling
gsun_0a34d7220106b5025f9c701f0c640a34.jpg,2,4,7,Wood/Siding,Concrete,Technology/Research
00000279.jpg,2,7,1,Wood/Siding,None,Single Family Dwelling
gsun_0a29c71c0dbed2fb0daee6d1d38c1bc6.jpg,4,2,7,Concrete,Wood/Siding,Technology/Research
sun_ayxphfalitsyuhib.jpg,4,2,2,Concrete,Wood/Siding,Small Multi Family Dwelling - 2-4 Units
00000011.jpg,8,8,19,Deleted,Deleted,Agriculture
gsun_00d8de92b9eb1a6320d380e846d6db85.jpg,4,5,5,Concrete,Steel,Retail or Professional Services
gsun_0ca9bdbe351de57b3393f5cf37b65211.jpg,1,7,21,Brick,None,Church/Non-Profit
00002141.jpg,4,5,5,Concrete,Steel,Retail or Professional Services
gsun_0c6f5ed990aa179a7bf6c0fd5d298c40.jpg,4,2,20,Concrete,Wood/Siding,Lodging
sun_ayupqtkxelvzancp.jpg,6,2,5,Stone,Wood/Siding,Retail or Professional Services
00002334.jpg,8,8,5,Deleted,Deleted,Retail or Professional Services
gsun_0f0fe77697257d947144d556b6ffd45f.jpg,4,7,11,Concrete,None,Government
gsun_0a9204c90019f041b4f2aec34e45cf22.jpg,4,5,22,Concrete,Steel,Construction
00001373.jpg,5,3,5,Steel,Glass,Retail or Professional Services
00003036.jpg,4,2,20,Concrete,Wood/Siding,Lodging
00000289.jpg,4,7,9,Concrete,None,Colleges/Universities
gsun_1bed9e94de8a98c39ea370c1e4e298f8.jpg,5,3,5,Steel,Glass,Retail or Professional Services
00004378.jpg,4,3,5,Concrete,Glass,Retail or Professional Services
gsun_0cf8af77cfd61505444a53d99990f080.jpg,4,2,3,Concrete,Wood/Siding,Medium Multi Family Dwelling - 5-50 Units
gsun_0cd27de5caf9c8d7566ff9084aaabd86.jpg,4,2,3,Concrete,Wood/Siding,Medium Multi Family Dwelling - 5-50 Units
00000107.jpg,4,2,3,Concrete,Wood/Siding,Medium Multi Family Dwelling - 5-50 Units
00000291.jpg,1,2,9,Brick,Wood/Siding,Colleges/Universities
gsun_0c6c00a99054796e15981e1acc6d7edf.jpg,4,1,3,Concrete,Brick,Medium Multi Family Dwelling - 5-50 Units
00002641.jpg,8,8,7,Deleted,Deleted,Technology/Research
00001363.jpg,4,2,1,Concrete,Wood/Siding,Single Family Dwelling
00000290.jpg,4,7,11,Concrete,None,Government
gsun_0c465cdef6697c39e0d18696f6754874.jpg,8,8,20,Deleted,Deleted,Lodging
00000077.jpg,8,8,20,Deleted,Deleted,Lodging
00001929.jpg,2,7,1,Wood/Siding,None,Single Family Dwelling
gsun_0d50137178fbcbee4f7319c28faa224f.jpg,2,7,2,Wood/Siding,None,Small Multi Family Dwelling - 2-4 Units
gsun_0c2105f5267b719a58841445adef010f.jpg,8,8,20,Deleted,Deleted,Lodging
gsun_0cf0ce8e61bdcc967ad4c16b02c97ce9.jpg,8,8,8,Deleted,Deleted,Entertainment & Recreation
gsun_000f036848f8b7c1958a1b1a4e624996.jpg,2,7,10,Wood/Siding,None,Grade Schools
00000701.jpg,4,2,20,Concrete,Wood/Siding,Lodging
gsun_0c6ddc7eef2656aced2d3e5c213b0d55.jpg,1,4,20,Brick,Concrete,Lodging
sun_aaarfmdkojiusxxl.jpg,2,7,8,Wood/Siding,None,Entertainment & Recreation
sun_ajjnfbtqmfaayxqo.jpg,2,5,5,Wood/Siding,Steel,Retail or Professional Services
gsun_0dde12168030e00e958d30a5387fe814.jpg,2,3,5,Wood/Siding,Glass,Retail or Professional Services
00001606.jpg,2,7,19,Wood/Siding,None,Agriculture
00000007.jpg,2,7,19,Wood/Siding,None,Agriculture
gsun_1ac84e069f1c0a36b1eaa36ea7d50112.jpg,8,8,17,Deleted,Deleted,Parking
gsun_0cd5db9efbf36a99d2a1a1371238a9ee.jpg,2,7,1,Wood/Siding,None,Single Family Dwelling
00000053.jpg,2,7,19,Wood/Siding,None,Agriculture
00002136.jpg,4,2,2,Concrete,Wood/Siding,Small Multi Family Dwelling - 2-4 Units
00000700.jpg,4,2,1,Concrete,Wood/Siding,Single Family Dwelling
gsun_a44e2744f951e92a3fc8c5de04942304.jpg,2,4,20,Wood/Siding,Concrete,Lodging
gsun_3145410c4c5f77e537a5b318df36b0ba.jpg,4,7,8,Concrete,None,Entertainment & Recreation
00003292.jpg,2,7,19,Wood/Siding,None,Agriculture
00002650.jpg,8,8,7,Deleted,Deleted,Technology/Research
00000024.jpg,1,2,20,Brick,Wood/Siding,Lodging
sun_daumquysauetazoi.jpg,4,5,7,Concrete,Steel,Technology/Research
00000016.jpg,2,7,19,Wood/Siding,None,Agriculture
gsun_0a35aa88b12c2fa81698e94a6f735ee1.jpg,8,8,21,Deleted,Deleted,Church/Non-Profit
gsun_0d62ce5d561a2a728c80932a93d80f35.jpg,4,2,11,Concrete,Wood/Siding,Government
00000067.jpg,1,4,21,Brick,Concrete,Church/Non-Profit
sun_auiihufltsbfmryo.jpg,4,5,8,Concrete,Steel,Entertainment & Recreation
sun_auoxemzhksmicvgo.jpg,4,2,21,Concrete,Wood/Siding,Church/Non-Profit
00001051.jpg,2,7,5,Wood/Siding,None,Retail or Professional Services
gsun_0e7a3b27000a0d0ab55fb0326153ab1a.jpg,2,7,5,Wood/Siding,None,Retail or Professional Services
00002143.jpg,2,7,19,Wood/Siding,None,Agriculture
gsun_1be64a20c903cd3cfb6ed4dad8b72da2.jpg,5,3,3,Steel,Glass,Medium Multi Family Dwelling - 5-50 Units
00002139.jpg,1,2,3,Brick,Wood/Siding,Medium Multi Family Dwelling - 5-50 Units
gsun_1bdf27168c4da9a0ec75211ba48b75c6.jpg,5,3,5,Steel,Glass,Retail or Professional Services
gsun_0eaac37d962bee705f6f638fb068ea49.jpg,8,8,17,Deleted,Deleted,Parking
00000459.jpg,8,8,7,Deleted,Deleted,Technology/Research
gsun_00a2bdf3f3c5080e3fed8336a95b2efc.jpg,4,2,8,Concrete,Wood/Siding,Entertainment & Recreation
gsun_0d50fd6513dce8161debe7e9560bc574.jpg,8,8,5,Deleted,Deleted,Retail or Professional Services
gsun_0d5c083815422405f12271f683353fad.jpg,8,8,19,Deleted,Deleted,Agriculture
00000905.jpg,1,4,5,Brick,Concrete,Retail or Professional Services
00000579.jpg,3,5,5,Glass,Steel,Retail or Professional Services
gsun_0a06929c20a765acc5e585fce36fdd73.jpg,1,2,1,Brick,Wood/Siding,Single Family Dwelling
00004527.jpg,4,2,1,Concrete,Wood/Siding,Single Family Dwelling
sun_byvunppkvecnoedb.jpg,8,8,5,Deleted,Deleted,Retail or Professional Services
00004955.jpg,4,7,3,Concrete,None,Medium Multi Family Dwelling - 5-50 Units
00002649.jpg,8,8,7,Deleted,Deleted,Technology/Research
gsun_3703006cf7b799a4cac560e16840dbcb.jpg,4,7,5,Concrete,None,Retail or Professional Services
gsun_0cf7e906502822b6cece3d4db9e23a37.jpg,4,2,2,Concrete,Wood/Siding,Small Multi Family Dwelling - 2-4 Units
gsun_01ee10dec4b427e93ca1a7ddf671840b.jpg,1,2,5,Brick,Wood/Siding,Retail or Professional Services
sun_buvcfpahrfrcldng.jpg,8,8,9,Deleted,Deleted,Colleges/Universities
gsun_0ce727714f7c08a914d019a52c951651.jpg,5,3,8,Steel,Glass,Entertainment & Recreation
00004958.jpg,1,7,5,Brick,None,Retail or Professional Services
gsun_a46c0e708f85537afd40c59f8cd95c6a.jpg,4,7,22,Concrete,None,Construction
gsun_1a5d7484b512302bf9120d5ec16b8ee3.jpg,8,8,17,Deleted,Deleted,Parking
gsun_1abe065d68550e36454ddd3eec407ecb.jpg,4,7,7,Concrete,None,Technology/Research
00003706.jpg,4,2,3,Concrete,Wood/Siding,Medium Multi Family Dwelling - 5-50 Units
gsun_0aee76847980981d061867f9e681ce9c.jpg,2,7,1,Wood/Siding,None,Single Family Dwelling
gsun_1bcce8edcd3b531f4b2d19839830d849.jpg,2,7,1,Wood/Siding,None,Single Family Dwelling
00000088.jpg,1,2,5,Brick,Wood/Siding,Retail or Professional Services
00001359.jpg,4,2,5,Concrete,Wood/Siding,Retail or Professional Services
sun_cjzexifktyebjeqv.jpg,1,2,6,Brick,Wood/Siding,Industry/Manufacturing
sun_adbvepquncrfwbft.jpg,2,7,19,Wood/Siding,None,Agriculture
00004537.jpg,4,2,20,Concrete,Wood/Siding,Lodging
00001609.jpg,2,7,20,Wood/Siding,None,Lodging
00000068.jpg,1,4,9,Brick,Concrete,Colleges/Universities
00000577.jpg,4,2,8,Concrete,Wood/Siding,Entertainment & Recreation
00000572.jpg,5,3,5,Steel,Glass,Retail or Professional Services
00000569.jpg,4,7,7,Concrete,None,Technology/Research
00001934.jpg,4,2,1,Concrete,Wood/Siding,Single Family Dwelling
gsun_0ab63d0e04e571700e905a1163256210.jpg,4,7,5,Concrete,None,Retail or Professional Services
00001935.jpg,6,2,8,Stone,Wood/Siding,Entertainment & Recreation
00000076.jpg,1,2,9,Brick,Wood/Siding,Colleges/Universities
00003705.jpg,4,2,5,Concrete,Wood/Siding,Retail or Professional Services
sun_anctchaijqpfueuh.jpg,4,7,13,Concrete,None,Hospital
00002333.jpg,3,5,5,Glass,Steel,Retail or Professional Services
00002343.jpg,4,2,1,Concrete,Wood/Siding,Single Family Dwelling
gsun_0cf6043e1257d7eb7d35d069e722109a.jpg,2,7,1,Wood/Siding,None,Single Family Dwelling
00000056.jpg,4,1,8,Concrete,Brick,Entertainment & Recreation
sun_aqujofshgcurcsrc.jpg,4,3,5,Concrete,Glass,Retail or Professional Services
sun_aqzfmwpceomlrlwm.jpg,5,4,5,Steel,Concrete,Retail or Professional Services
00000043.jpg,8,8,7,Deleted,Deleted,Technology/Research
gsun_00d2c994de7ac7517dde2e1578d0ba30.jpg,1,3,5,Brick,Glass,Retail or Professional Services
gsun_0d054d7b0b68e959cd3b326df1cff874.jpg,1,4,9,Brick,Concrete,Colleges/Universities
gsun_0ceec3b482e580502e42768472802738.jpg,8,8,17,Deleted,Deleted,Parking
gsun_01ebb5aecc5e8d4ef3671782172ab57e.jpg,4,7,8,Concrete,None,Entertainment & Recreation
gsun_000fe1bbba4f0c43916e80cc0c5262c6.jpg,5,3,5,Steel,Glass,Retail or Professional Services
00004532.jpg,4,2,21,Concrete,Wood/Siding,Church/Non-Profit
00003708.jpg,4,1,7,Concrete,Brick,Technology/Research
sun_aytpxvkhxeclfnty.jpg,4,2,5,Concrete,Wood/Siding,Retail or Professional Services
gsun_3092233c0efa77a8b5d9ade28489762d.jpg,4,3,3,Concrete,Glass,Medium Multi Family Dwelling - 5-50 Units
00004385.jpg,1,2,1,Brick,Wood/Siding,Single Family Dwelling
sun_anddwluixaxvcead.jpg,4,7,5,Concrete,None,Retail or Professional Services
gsun_0a4e861983215b845d5941bc00a51cce.jpg,1,5,12,Brick,Steel,Emergency Response
gsun_0c3633b4fc4eaa1770ccc8f0e5294d0b.jpg,1,2,20,Brick,Wood/Siding,Lodging
00000575.jpg,4,5,7,Concrete,Steel,Technology/Research
00002144.jpg,8,8,19,Deleted,Deleted,Agriculture
00002146.jpg,2,7,1,Wood/Siding,None,Single Family Dwelling
gsun_0d9381139c7adecca3a59dcaaea38644.jpg,4,7,5,Concrete,None,Retail or Professional Services
00000457.jpg,2,5,7,Wood/Siding,Steel,Technology/Research
gsun_0a35cb727a2bb380a7c0ded931353a1b.jpg,8,8,13,Deleted,Deleted,Hospital
gsun_0a34a12e5111e6ad7b789da1892aab0d.jpg,8,8,20,Deleted,Deleted,Lodging
sun_bwnltgwzmepbxqqj.jpg,5,4,7,Steel,Concrete,Technology/Research
00004389.jpg,1,2,5,Brick,Wood/Siding,Retail or Professional Services
sun_aujhcdwohakmipjy.jpg,4,7,5,Concrete,None,Retail or Professional Services
00001612.jpg,4,2,1,Concrete,Wood/Siding,Single Family Dwelling
00000898.jpg,2,7,1,Wood/Siding,None,Single Family Dwelling
00001783.jpg,5,7,22,Steel,None,Construction
00004533.jpg,2,1,1,Wood/Siding,Brick,Single Family Dwelling
sun_amvnfevgdudafhit.jpg,4,2,5,Concrete,Wood/Siding,Retail or Professional Services
gsun_0bea0d6e6aaa08f811a67659d8bbee66.jpg,4,1,3,Concrete,Brick,Medium Multi Family Dwelling - 5-50 Units
gsun_0bf2edc7cfba6df8b05c231bb4b959fa.jpg,4,2,5,Concrete,Wood/Siding,Retail or Professional Services
gsun_0d49c0239e117f589d55b4f6cc511bb3.jpg,1,4,3,Brick,Concrete,Medium Multi Family Dwelling - 5-50 Units
00001367.jpg,4,2,1,Concrete,Wood/Siding,Single Family Dwelling
00001930.jpg,8,8,21,Deleted,Deleted,Church/Non-Profit
gsun_0ce38227ec99e6343e7b6cdcd35370a4.jpg,5,1,5,Steel,Brick,Retail or Professional Services
gsun_0c120d003093806cb1f5abc6fa415e8d.jpg,5,1,20,Steel,Brick,Lodging
gsun_0c6e04e90ee6295d0368b37118679608.jpg,8,8,5,Deleted,Deleted,Retail or Professional Services
gsun_1bcb1d4e2bcc65d810a2a1673297695b.jpg,1,4,5,Brick,Concrete,Retail or Professional Services
00001056.jpg,5,3,7,Steel,Glass,Technology/Research
gsun_0aef9dbadbf1ace96805cf28f29b8c44.jpg,2,7,8,Wood/Siding,None,Entertainment & Recreation
00000111.jpg,4,1,3,Concrete,Brick,Medium Multi Family Dwelling - 5-50 Units
gsun_1ac299d87fe831900ff511e08514746a.jpg,5,2,5,Steel,Wood/Siding,Retail or Professional Services
00001370.jpg,4,2,1,Concrete,Wood/Siding,Single Family Dwelling
gsun_0eb915e39476198a440b9ad796860f88.jpg,4,2,22,Concrete,Wood/Siding,Construction
00000451.jpg,2,4,7,Wood/Siding,Concrete,Technology/Research
00001361.jpg,2,7,1,Wood/Siding,None,Single Family Dwelling
gsun_a49c163645bde37e34640916ff2ca42d.jpg,4,7,3,Concrete,None,Medium Multi Family Dwelling - 5-50 Units
00000568.jpg,4,6,5,Concrete,Stone,Retail or Professional Services
gsun_0f2fc08b44f42fbd25e170ec78e31925.jpg,2,1,5,Wood/Siding,Brick,Retail or Professional Services
gsun_0d1360367c2228ed706e3cbda6c47373.jpg,4,2,5,Concrete,Wood/Siding,Retail or Professional Services
gsun_0cf5694c11c5c4aee2bb79c5070e5e5c.jpg,4,7,5,Concrete,None,Retail or Professional Services
00002651.jpg,8,8,8,Deleted,Deleted,Entertainment & Recreation
00002055.jpg,2,7,1,Wood/Siding,None,Single Family Dwelling
00001059.jpg,4,5,3,Concrete,Steel,Medium Multi Family Dwelling - 5-50 Units
00004954.jpg,4,2,20,Concrete,Wood/Siding,Lodging
gsun_0bbe116a64141267c2157f1fc7ae60a0.jpg,4,7,2,Concrete,None,Small Multi Family Dwelling - 2-4 Units
gsun_0aee996b930e70314b3def2561cf8449.jpg,4,2,20,Concrete,Wood/Siding,Lodging
sun_ablidnqvaxyvnkjo.jpg,1,7,21,Brick,None,Church/Non-Profit
00002638.jpg,8,8,7,Deleted,Deleted,Technology/Research
sun_cyzgxfiisctrhycj.jpg,4,2,5,Concrete,Wood/Siding,Retail or Professional Services
gsun_0ab42ae610cf76ff48d0c7485ace56a2.jpg,2,7,1,Wood/Siding,None,Single Family Dwelling
gsun_0b60f3d23ff81a9a432d78a0d5217b1e.jpg,2,7,19,Wood/Siding,None,Agriculture
00000796.jpg,4,2,20,Concrete,Wood/Siding,Lodging
sun_aullbwrnlnvqlxix.jpg,1,2,5,Brick,Wood/Siding,Retail or Professional Services
00000106.jpg,4,7,3,Concrete,None,Medium Multi Family Dwelling - 5-50 Units
00002052.jpg,4,2,14,Concrete,Wood/Siding,Medical Office/Clinic
00004530.jpg,8,8,8,Deleted,Deleted,Entertainment & Recreation
00004534.jpg,4,2,1,Concrete,Wood/Siding,Single Family Dwelling
00004959.jpg,4,5,8,Concrete,Steel,Entertainment & Recreation
gsun_00d6ba05b212d716d28e6dfdb236130b.jpg,4,2,20,Concrete,Wood/Siding,Lodging
gsun_0cec10d0e456c541d941e279877f2b02.jpg,1,2,21,Brick,Wood/Siding,Church/Non-Profit
sun_bwiujjibidboldeh.jpg,4,2,5,Concrete,Wood/Siding,Retail or Professional Services
gsun_0cf4f5730259d0300aa1df3c47dc22ea.jpg,4,7,5,Concrete,None,Retail or Professional Services
gsun_0d4d3313da5cbd1f153237d734273ee8.jpg,4,2,3,Concrete,Wood/Siding,Medium Multi Family Dwelling - 5-50 Units
sun_aqpywbwfonsuuibs.jpg,4,7,3,Concrete,None,Medium Multi Family Dwelling - 5-50 Units
00000570.jpg,4,5,7,Concrete,Steel,Technology/Research
gsun_0b059a01c5715dbdb5f38ff691f64cba.jpg,4,7,11,Concrete,None,Government
gsun_0b66fe7babc313454e34e3b69612e52a.jpg,3,5,5,Glass,Steel,Retail or Professional Services
00000017.jpg,2,7,19,Wood/Siding,None,Agriculture
00000108.jpg,4,2,5,Concrete,Wood/Siding,Retail or Professional Services
gsun_4029493a219603e530666d1af53a93d6.jpg,2,7,1,Wood/Siding,None,Single Family Dwelling
00003031.jpg,1,2,1,Brick,Wood/Siding,Single Family Dwelling
gsun_a44a7662412cdd1e7dd546dd2fe6f9c7.jpg,3,5,5,Glass,Steel,Retail or Professional Services
gsun_01a6b360534f27b43149497c089c0e57.jpg,4,7,5,Concrete,None,Retail or Professional Services
sun_adduzlnzkspyryfy.jpg,2,7,3,Wood/Siding,None,Medium Multi Family Dwelling - 5-50 Units
00000118.jpg,4,7,3,Concrete,None,Medium Multi Family Dwelling - 5-50 Units
gsun_0c1963e4c1cd76ea9dd362d812400dd8.jpg,4,2,20,Concrete,Wood/Siding,Lodging
00002340.jpg,4,2,5,Concrete,Wood/Siding,Retail or Professional Services
gsun_0cea98d434c9bb58a5b9d7cee83e3e59.jpg,4,5,5,Concrete,Steel,Retail or Professional Services
sun_ajdrqnyihfmatmzj.jpg,4,7,3,Concrete,None,Medium Multi Family Dwelling - 5-50 Units
sun_aqxdafryzqqsuwgq.jpg,4,7,18,Concrete,None,Banks
00000794.jpg,2,7,1,Wood/Siding,None,Single Family Dwelling
00000100.jpg,4,5,22,Concrete,Steel,Construction
sun_adecxlllxjzapeog.jpg,4,5,22,Concrete,Steel,Construction
00004953.jpg,4,7,5,Concrete,None,Retail or Professional Services
00003033.jpg,1,2,20,Brick,Wood/Siding,Lodging
00000059.jpg,1,2,20,Brick,Wood/Siding,Lodging
00002134.jpg,3,5,5,Glass,Steel,Retail or Professional Services
00000083.jpg,1,4,8,Brick,Concrete,Entertainment & Recreation
00003701.jpg,1,4,5,Brick,Concrete,Retail or Professional Services
00001358.jpg,4,1,5,Concrete,Brick,Retail or Professional Services
00000450.jpg,8,8,7,Deleted,Deleted,Technology/Research
sun_auilbgokglrubxxh.jpg,4,7,5,Concrete,None,Retail or Professional Services
00001607.jpg,1,7,21,Brick,None,Church/Non-Profit
00003293.jpg,2,7,19,Wood/Siding,None,Agriculture
gsun_0b70aef9bd95adb3475d58fbd0a08650.jpg,3,5,5,Glass,Steel,Retail or Professional Services
00001616.jpg,1,2,2,Brick,Wood/Siding,Small Multi Family Dwelling - 2-4 Units
00000008.jpg,8,8,19,Deleted,Deleted,Agriculture
gsun_0e6c43faad29f4c2c72ae72df83a911e.jpg,4,3,5,Concrete,Glass,Retail or Professional Services
00000297.jpg,1,2,7,Brick,Wood/Siding,Technology/Research
00000695.jpg,6,2,20,Stone,Wood/Siding,Lodging
00000698.jpg,1,2,20,Brick,Wood/Siding,Lodging
gsun_0da2fc7184a7004fe54af6058d8a238f.jpg,4,7,3,Concrete,None,Medium Multi Family Dwelling - 5-50 Units
sun_cuzchfnlhymwaemy.jpg,2,5,6,Wood/Siding,Steel,Industry/Manufacturing
00004390.jpg,1,7,8,Brick,None,Entertainment & Recreation
00001777.jpg,4,3,5,Concrete,Glass,Retail or Professional Services
gsun_0b68b3c4c005aaec5f1e48fc55bbd364.jpg,4,7,5,Concrete,None,Retail or Professional Services
gsun_0cf7a067a8c1187381c589dd91e895ce.jpg,2,7,2,Wood/Siding,None,Small Multi Family Dwelling - 2-4 Units
gsun_a37c1cd3cc3d84643068d893c45268b3.jpg,2,3,22,Wood/Siding,Glass,Construction
00001360.jpg,2,7,1,Wood/Siding,None,Single Family Dwelling
00000004.jpg,2,7,20,Wood/Siding,None,Lodging
00003698.jpg,4,1,5,Concrete,Brick,Retail or Professional Services
gsun_0ab7148a2f23f49e6d351e80bcf4aba6.jpg,1,2,1,Brick,Wood/Siding,Single Family Dwelling
gsun_dbda89467a1c0051beecf617187c4377.jpg,2,1,5,Wood/Siding,Brick,Retail or Professional Services
00002640.jpg,8,8,7,Deleted,Deleted,Technology/Research
gsun_0a8106a29e724600ea1335c515210fb4.jpg,4,2,1,Concrete,Wood/Siding,Single Family Dwelling
00002335.jpg,4,7,5,Concrete,None,Retail or Professional Services
gsun_1a5a142442c2a7741f16d14545b2d211.jpg,4,7,5,Concrete,None,Retail or Professional Services
gsun_0ab075ee95c2c9f7f1a41f6069e1318a.jpg,4,2,3,Concrete,Wood/Siding,Medium Multi Family Dwelling - 5-50 Units
00002337.jpg,8,8,8,Deleted,Deleted,Entertainment & Recreation
gsun_0c4927ae42c1fede24bb22dece4fa82d.jpg,8,8,20,Deleted,Deleted,Lodging
00000081.jpg,4,3,10,Concrete,Glass,Grade Schools
gsun_01e71647642725544452baa4060a283b.jpg,1,4,3,Brick,Concrete,Medium Multi Family Dwelling - 5-50 Units
gsun_00d0615a610593c6bc765f515558cc65.jpg,4,2,12,Concrete,Wood/Siding,Emergency Response
gsun_01a4f081bafc18ca5bea2d003523777b.jpg,8,8,8,Deleted,Deleted,Entertainment & Recreation
gsun_00d5e69252c2e4714c769ec8690a5c04.jpg,8,8,12,Deleted,Deleted,Emergency Response
sun_amutttaaecmtofxe.jpg,4,7,5,Concrete,None,Retail or Professional Services
sun_calfclwsggcfxjej.jpg,1,2,5,Brick,Wood/Siding,Retail or Professional Services
gsun_0a4e5fe5feaef93cc89443e027a0f680.jpg,4,7,5,Concrete,None,Retail or Professional Services
gsun_0a9281db264b90b56a35587b535b1042.jpg,4,2,12,Concrete,Wood/Siding,Emergency Response
00002053.jpg,4,2,5,Concrete,Wood/Siding,Retail or Professional Services
gsun_0b5b3a26c002c46b1f6eb518efa9f6ae.jpg,2,7,10,Wood/Siding,None,Grade Schools
gsun_a38a57723bbb6989b767ef278c35c60b.jpg,4,7,5,Concrete,None,Retail or Professional Services
gsun_0cd2a1a843a8f7b07493fc935749db96.jpg,4,1,20,Concrete,Brick,Lodging
00000014.jpg,8,8,19,Deleted,Deleted,Agriculture
sun_aqqeagntikgtirgs.jpg,4,5,3,Concrete,Steel,Medium Multi Family Dwelling - 5-50 Units
gsun_0ab63d537be0bbcc7ea671b72bca3c2e.jpg,4,1,5,Concrete,Brick,Retail or Professional Services
gsun_0d56c9f1656e9723444e2570f676f0a2.jpg,1,2,1,Brick,Wood/Siding,Single Family Dwelling
gsun_0d4bff4142467899c1620d00d113198d.jpg,1,7,9,Brick,None,Colleges/Universities
00003299.jpg,2,7,19,Wood/Siding,None,Agriculture
gsun_0beadea56b3bdb6f5bb0c90fbbf97e66.jpg,2,7,1,Wood/Siding,None,Single Family Dwelling
gsun_0c122adf51442422b9e9d2606dbdb7e0.jpg,4,2,1,Concrete,Wood/Siding,Single Family Dwelling
sun_bxpoprwgenfnivnc.jpg,4,2,5,Concrete,Wood/Siding,Retail or Professional Services
00001052.jpg,4,2,1,Concrete,Wood/Siding,Single Family Dwelling
00002135.jpg,8,8,8,Deleted,Deleted,Entertainment & Recreation
sun_datetafvmiqwgvnm.jpg,1,4,11,Brick,Concrete,Government
00000791.jpg,2,7,1,Wood/Siding,None,Single Family Dwelling
00001778.jpg,4,3,6,Concrete,Glass,Industry/Manufacturing
00000801.jpg,2,7,5,Wood/Siding,None,Retail or Professional Services
00000063.jpg,1,4,5,Brick,Concrete,Retail or Professional Services
gsun_0dd04663ac39f65df45b2c53f1450baf.jpg,4,7,20,Concrete,None,Lodging
00000103.jpg,4,5,3,Concrete,Steel,Medium Multi Family Dwelling - 5-50 Units
00000908.jpg,4,7,8,Concrete,None,Entertainment & Recreation
00000909.jpg,4,3,9,Concrete,Glass,Colleges/Universities
gsun_0c117baecafebb24284c18ff68965dbf.jpg,1,4,1,Brick,Concrete,Single Family Dwelling
gsun_0bee42bb87a1cdd54a1da8c38a2ba360.jpg,4,7,3,Concrete,None,Medium Multi Family Dwelling - 5-50 Units
00000057.jpg,4,1,8,Concrete,Brick,Entertainment & Recreation
gsun_0c6a943e1e01011208cf240b8cee3963.jpg,4,2,10,Concrete,Wood/Siding,Grade Schools
gsun_01a41e662bcf4627cd17415c1b48bdd2.jpg,6,2,5,Stone,Wood/Siding,Retail or Professional Services
sun_anaitfwkoywklgby.jpg,4,7,5,Concrete,None,Retail or Professional Services
00001062.jpg,4,2,8,Concrete,Wood/Siding,Entertainment & Recreation
gsun_0cd0cb434fbf43010edacba5f4bb2a21.jpg,4,1,5,Concrete,Brick,Retail or Professional Services
gsun_1ac6feb3d56e69a9b48d180fe30b592f.jpg,4,2,2,Concrete,Wood/Siding,Small Multi Family Dwelling - 2-4 Units
00004963.jpg,4,7,5,Concrete,None,Retail or Professional Services
gsun_0eb9abbadc6b939959de5f8e04f7e737.jpg,4,3,5,Concrete,Glass,Retail or Professional Services
00004529.jpg,2,1,1,Wood/Siding,Brick,Single Family Dwelling
gsun_1abf7a1fd05b41e54a9b16ee9f8d7aa1.jpg,4,3,5,Concrete,Glass,Retail or Professional Services
00000114.jpg,4,7,3,Concrete,None,Medium Multi Family Dwelling - 5-50 Units
sun_ayxqwyxcxiauoauh.jpg,4,2,1,Concrete,Wood/Siding,Single Family Dwelling
gsun_3661375f01469d0e4ac6d5888b5c36e6.jpg,4,3,3,Concrete,Glass,Medium Multi Family Dwelling - 5-50 Units
00000012.jpg,2,7,19,Wood/Siding,None,Agriculture
00000038.jpg,2,7,19,Wood/Siding,None,Agriculture
gsun_01f2ce95bada96c482f1cdbe21beca03.jpg,4,7,5,Concrete,None,Retail or Professional Services
gsun_0d56ee586a1e83b8b488c6210ea55457.jpg,5,3,5,Steel,Glass,Retail or Professional Services
00000571.jpg,5,3,5,Steel,Glass,Retail or Professional Services
00000003.jpg,2,7,19,Wood/Siding,None,Agriculture
gsun_0d8313391893d616c665e56cee4dc2ed.jpg,4,2,1,Concrete,Wood/Siding,Single Family Dwelling
gsun_0a4d3e9c582b544c5b14da217e14f0b7.jpg,4,1,11,Concrete,Brick,Government
00001939.jpg,8,8,17,Deleted,Deleted,Parking
gsun_0cf5f9d6b79abf77e3ee37d31a075793.jpg,4,2,20,Concrete,Wood/Siding,Lodging
00000911.jpg,6,2,8,Stone,Wood/Siding,Entertainment & Recreation
00003295.jpg,2,7,19,Wood/Siding,None,Agriculture
gsun_0b68ca4ce8ab9d4748a36b49c670e14a.jpg,4,2,3,Concrete,Wood/Siding,Medium Multi Family Dwelling - 5-50 Units
00000006.jpg,2,7,19,Wood/Siding,None,Agriculture
gsun_0f41a0a27a281ff77ee9fcf7c1c40433.jpg,1,2,1,Brick,Wood/Siding,Single Family Dwelling
sun_apdohrqdikxhoktt.jpg,4,1,2,Concrete,Brick,Small Multi Family Dwelling - 2-4 Units
gsun_0b4cc912a0e48c330e334a9e46fcaea0.jpg,5,4,5,Steel,Concrete,Retail or Professional Services
00000090.jpg,4,7,4,Concrete,None,Large Multi Family Dwelling - >50 Units
gsun_01a2dee82b802607e1dc3cac0a708b36.jpg,4,2,1,Concrete,Wood/Siding,Single Family Dwelling
00002642.jpg,8,8,7,Deleted,Deleted,Technology/Research
gsun_000fed943150688a7841f0360303a827.jpg,4,5,4,Concrete,Steel,Large Multi Family Dwelling - >50 Units
gsun_0dd4810408655a3975d6f72331d637a6.jpg,2,7,10,Wood/Siding,None,Grade Schools
sun_aurcwwudlarjfeae.jpg,4,3,5,Concrete,Glass,Retail or Professional Services
00003298.jpg,2,7,19,Wood/Siding,None,Agriculture
gsun_01a5f3efa514ed6039ee2734367a34fd.jpg,2,7,1,Wood/Siding,None,Single Family Dwelling
00000447.jpg,8,8,7,Deleted,Deleted,Technology/Research
gsun_0ceb110c86a34e3bb5acf751d1cd1fc2.jpg,1,2,1,Brick,Wood/Siding,Single Family Dwelling
gsun_0eb5fd46def2f15be95b19b09e8ffbee.jpg,8,8,20,Deleted,Deleted,Lodging
00003294.jpg,2,7,19,Wood/Siding,None,Agriculture
gsun_0a7607c7be74c0d403b3aa2b8443fa68.jpg,2,7,8,Wood/Siding,None,Entertainment & Recreation
00000296.jpg,8,8,1,Deleted,Deleted,Single Family Dwelling
gsun_0bbe1fad1e3c07c115c41d30ae61c568.jpg,2,7,1,Wood/Siding,None,Single Family Dwelling
00002636.jpg,8,8,7,Deleted,Deleted,Technology/Research
00000050.jpg,2,7,19,Wood/Siding,None,Agriculture
gsun_0f01f5c2d1ef7b7707d0d4eb082c086c.jpg,4,5,5,Concrete,Steel,Retail or Professional Services
00001054.jpg,4,2,5,Concrete,Wood/Siding,Retail or Professional Services
gsun_0b4e8f3aaaf4111a3cb0b71c2b1aef35.jpg,8,8,8,Deleted,Deleted,Entertainment & Recreation
00004961.jpg,4,7,20,Concrete,None,Lodging
gsun_0eb496c4e2e1ffaeefc2f9fd86bdacf5.jpg,2,7,1,Wood/Siding,None,Single Family Dwelling
00000703.jpg,4,2,1,Concrete,Wood/Siding,Single Family Dwelling
gsun_0c5fcbf0f81f3ee92bdb5c3c2a90774a.jpg,1,2,20,Brick,Wood/Siding,Lodging
00001368.jpg,4,7,1,Concrete,None,Single Family Dwelling
gsun_0c401f90c70ccf8a948f44613b2125d1.jpg,4,3,6,Concrete,Glass,Industry/Manufacturing
00000793.jpg,2,7,1,Wood/Siding,None,Single Family Dwelling
00000787.jpg,2,7,8,Wood/Siding,None,Entertainment & Recreation
00000900.jpg,4,2,5,Concrete,Wood/Siding,Retail or Professional Services
00000104.jpg,4,2,20,Concrete,Wood/Siding,Lodging
gsun_01a53d8d1b898ea86a567403136a44b5.jpg,4,2,1,Concrete,Wood/Siding,Single Family Dwelling
00000037.jpg,2,5,19,Wood/Siding,Steel,Agriculture
gsun_0a31fc76ba77fb805594d40ca62e459f.jpg,8,8,13,Deleted,Deleted,Hospital
gsun_0cea18ddd890abeac9e74ababe62bf97.jpg,5,3,22,Steel,Glass,Construction
00001927.jpg,2,7,1,Wood/Siding,None,Single Family Dwelling
00000798.jpg,2,7,1,Wood/Siding,None,Single Family Dwelling
00001060.jpg,4,7,5,Concrete,None,Retail or Professional Services
gsun_00d418ac9c64714466ebddee027e66fa.jpg,2,7,1,Wood/Siding,None,Single Family Dwelling
00001931.jpg,4,7,5,Concrete,None,Retail or Professional Services
gsun_000e8311f274de8fbb12e5bda0edf8d2.jpg,4,7,5,Concrete,None,Retail or Professional Services
00000093.jpg,1,3,3,Brick,Glass,Medium Multi Family Dwelling - 5-50 Units
sun_amrbvvjbxrdvtwig.jpg,4,7,5,Concrete,None,Retail or Professional Services
gsun_000e7aa8256a37e41f0982b0fa089419.jpg,2,7,1,Wood/Siding,None,Single Family Dwelling
gsun_0d8804334980e8a4f099a0a62cd1fef1.jpg,1,5,5,Brick,Steel,Retail or Professional Services
gsun_0aee3b53a32895a2b803e7780980bce6.jpg,4,7,5,Concrete,None,Retail or Professional Services
gsun_0ddd35da080a0134ddbec006d399b9ae.jpg,4,1,5,Concrete,Brick,Retail or Professional Services
sun_bzfmbqcmvdwoxayr.jpg,1,6,5,Brick,Stone,Retail or Professional Services
sun_daitsuznrfrnugms.jpg,1,2,11,Brick,Wood/Siding,Government
sun_abkfjepwnojjagax.jpg,1,5,1,Brick,Steel,Single Family Dwelling
00003709.jpg,4,2,5,Concrete,Wood/Siding,Retail or Professional Services
gsun_0d2031403ba53aa8959d41ce33c424a9.jpg,4,2,1,Concrete,Wood/Siding,Single Family Dwelling
gsun_a40acdba540e10c4384e1a812e8c45ae.jpg,4,7,4,Concrete,None,Large Multi Family Dwelling - >50 Units
00001608.jpg,2,7,19,Wood/Siding,None,Agriculture
00004950.jpg,4,3,8,Concrete,Glass,Entertainment & Recreation
00002342.jpg,8,8,8,Deleted,Deleted,Entertainment & Recreation
00004956.jpg,4,2,5,Concrete,Wood/Siding,Retail or Professional Services
gsun_0dda62657eb73e2baf3095f4400ae8b1.jpg,4,2,3,Concrete,Wood/Siding,Medium Multi Family Dwelling - 5-50 Units
gsun_0c363b69bf64b3c157e7d07ab6d669e8.jpg,8,8,20,Deleted,Deleted,Lodging
gsun_0a33f776967725804cfc956a860c951c.jpg,2,7,2,Wood/Siding,None,Small Multi Family Dwelling - 2-4 Units
sun_apfnisagawgmjznp.jpg,5,3,10,Steel,Glass,Grade Schools
gsun_0f42c3d5ca2d013b0a1999ff2eaf07f4.jpg,5,3,5,Steel,Glass,Retail or Professional Services
gsun_0d5a634bf9fcd5dd1be71c5e85a05ab9.jpg,2,7,2,Wood/Siding,None,Small Multi Family Dwelling - 2-4 Units
gsun_0f62b50e0520eaeb943c33ccb243e16d.jpg,4,2,1,Concrete,Wood/Siding,Single Family Dwelling
gsun_0cef6e5218ee4526af71f6af9b0adf17.jpg,2,7,10,Wood/Siding,None,Grade Schools
gsun_0cf3c309c99d4aa172e8b961158e8015.jpg,5,3,5,Steel,Glass,Retail or Professional Services
gsun_0ab836bef6f9f825ca083fea99f241e4.jpg,1,4,5,Brick,Concrete,Retail or Professional Services
00000901.jpg,1,2,1,Brick,Wood/Siding,Single Family Dwelling
gsun_0ce6084dd697ffd819c85c8ec5808bd4.jpg,1,2,2,Brick,Wood/Siding,Small Multi Family Dwelling - 2-4 Units
gsun_0bc13b1ff316f90ed4205f8f4f677d18.jpg,1,2,10,Brick,Wood/Siding,Grade Schools
00002645.jpg,8,8,7,Deleted,Deleted,Technology/Research
gsun_0d5e37bd405d4cdb557a916481c499e7.jpg,1,2,22,Brick,Wood/Siding,Construction
00000079.jpg,1,4,21,Brick,Concrete,Church/Non-Profit
gsun_0becf3997907ebcca28e5cb06ce598f5.jpg,4,1,8,Concrete,Brick,Entertainment & Recreation
00000046.jpg,2,7,19,Wood/Siding,None,Agriculture
00000020.jpg,6,7,1,Stone,None,Single Family Dwelling
gsun_0ca690fc41c98edd58d49c82f810c636.jpg,4,1,8,Concrete,Brick,Entertainment & Recreation
gsun_0a4cc0d23617faaa737ce3575a21fd89.jpg,1,2,9,Brick,Wood/Siding,Colleges/Universities
gsun_0b67b71dd305e461ca44afb1ff8926d1.jpg,4,2,1,Concrete,Wood/Siding,Single Family Dwelling
gsun_0ca3767e70ccc29e679ef92caeeb27dd.jpg,8,8,19,Deleted,Deleted,Agriculture
gsun_0b68a2792b9af897407a7779f1b9306f.jpg,1,2,1,Brick,Wood/Siding,Single Family Dwelling
gsun_0d3267091d3c40f47890ab55e1c0d5c0.jpg,4,3,5,Concrete,Glass,Retail or Professional Services
gsun_00d87c4ddcef12cd9fad73b60b1f0c93.jpg,8,8,7,Deleted,Deleted,Technology/Research
sun_apgeoyrngukgwavm.jpg,5,3,5,Steel,Glass,Retail or Professional Services
00000903.jpg,2,7,1,Wood/Siding,None,Single Family Dwelling
00003296.jpg,2,7,1,Wood/Siding,None,Single Family Dwelling
00000048.jpg,4,7,6,Concrete,None,Industry/Manufacturing
gsun_0bed4e10901f290b5e79ccf17932183f.jpg,4,5,22,Concrete,Steel,Construction
gsun_0d4fe41ca9372a03d04033d7a9264170.jpg,6,2,1,Stone,Wood/Siding,Single Family Dwelling
gsun_0e7ccbdb3ca1b1df0b76eefcaf430631.jpg,5,3,7,Steel,Glass,Technology/Research
00001932.jpg,8,8,19,Deleted,Deleted,Agriculture
00000029.jpg,8,8,19,Deleted,Deleted,Agriculture
00000799.jpg,2,7,19,Wood/Siding,None,Agriculture
gsun_0f43bbe349e0f53ac4facd60ce351b69.jpg,4,7,1,Concrete,None,Single Family Dwelling
00000078.jpg,4,3,5,Concrete,Glass,Retail or Professional Services
00000110.jpg,4,2,2,Concrete,Wood/Siding,Small Multi Family Dwelling - 2-4 Units
gsun_1be3f5a9cee198105d5851f4886d6eff.jpg,2,1,1,Wood/Siding,Brick,Single Family Dwelling
00000047.jpg,4,2,1,Concrete,Wood/Siding,Single Family Dwelling
gsun_0e5f1d961b845af90e2ff4a808bb9fb4.jpg,2,7,1,Wood/Siding,None,Single Family Dwelling
sun_aqxrnzjbubupiwqu.jpg,3,5,5,Glass,Steel,Retail or Professional Services
gsun_1ac1a6fc30ead8f3f5cc7a4facad6542.jpg,5,4,5,Steel,Concrete,Retail or Professional Services
gsun_0eb1b6159413e3649b14b60f0a546fc5.jpg,2,7,1,Wood/Siding,None,Single Family Dwelling
gsun_0e7d8b43d6a84616c7fa143a76c2a08a.jpg,4,3,5,Concrete,Glass,Retail or Professional Services
00002643.jpg,8,8,7,Deleted,Deleted,Technology/Research
gsun_1a4d5d5eb9f0a0586590ffc62a866b74.jpg,2,3,5,Wood/Siding,Glass,Retail or Professional Services
sun_aupncqxbltdgfnnq.jpg,4,3,5,Concrete,Glass,Retail or Professional Services
gsun_a43ee25476eb5af6de24439cdb8d5400.jpg,4,2,8,Concrete,Wood/Siding,Entertainment & Recreation
00004528.jpg,2,7,1,Wood/Siding,None,Single Family Dwelling
gsun_0aee13ab3d1ec49445dfcec860791197.jpg,4,6,1,Concrete,Stone,Single Family Dwelling
gsun_0bc7ff5843ad8533d93f767bd8b6a04b.jpg,8,8,17,Deleted,Deleted,Parking
sun_abikyhlyrkwmkdyf.jpg,4,5,7,Concrete,Steel,Technology/Research
00000099.jpg,1,2,1,Brick,Wood/Siding,Single Family Dwelling
gsun_0d188871d98298c60ddd670ef6df69ba.jpg,4,5,5,Concrete,Steel,Retail or Professional Services
sun_amyqdfkizefupfta.jpg,6,4,21,Stone,Concrete,Church/Non-Profit
gsun_01e767f6e1de12f3dc120e2ac99c4057.jpg,5,1,5,Steel,Brick,Retail or Professional Services
00000015.jpg,2,7,19,Wood/Siding,None,Agriculture
00000576.jpg,8,8,7,Deleted,Deleted,Technology/Research
00001926.jpg,8,8,17,Deleted,Deleted,Parking
gsun_0abad5ff8fa14e48086199b00b486813.jpg,1,2,1,Brick,Wood/Siding,Single Family Dwelling
00000285.jpg,2,7,16,Wood/Siding,None,Mobile Home
gsun_0cd91fceee5e19beac470528998cd14e.jpg,8,8,17,Deleted,Deleted,Parking
gsun_0e6e036ac96e8628130655662679dd05.jpg,1,5,2,Brick,Steel,Small Multi Family Dwelling - 2-4 Units
00003297.jpg,8,8,19,Deleted,Deleted,Agriculture
00001362.jpg,3,4,5,Glass,Concrete,Retail or Professional Services
gsun_0c413b519860595b0f78482fdd34ab1a.jpg,4,7,5,Concrete,None,Retail or Professional Services
00000025.jpg,2,7,19,Wood/Siding,None,Agriculture
gsun_0b73cbff48e2b228e29d408021bba16d.jpg,2,7,19,Wood/Siding,None,Agriculture
gsun_0c4951d0b42016c274894b2a9d595f5c.jpg,1,4,20,Brick,Concrete,Lodging
00003037.jpg,2,1,1,Wood/Siding,Brick,Single Family Dwelling
00004384.jpg,1,2,2,Brick,Wood/Siding,Small Multi Family Dwelling - 2-4 Units
gsun_0dde8428e94efecec41072d652e61ea2.jpg,3,5,5,Glass,Steel,Retail or Professional Services
00000286.jpg,2,7,1,Wood/Siding,None,Single Family Dwelling
gsun_1abf50aabd379439a4fdb1df9cca5760.jpg,4,3,5,Concrete,Glass,Retail or Professional Services
00000073.jpg,4,7,3,Concrete,None,Medium Multi Family Dwelling - 5-50 Units
00000010.jpg,2,7,19,Wood/Siding,None,Agriculture
00000044.jpg,2,1,19,Wood/Siding,Brick,Agriculture
sun_anccgukqkzwetjha.jpg,3,5,5,Glass,Steel,Retail or Professional Services
gsun_0d59e954abe1b29f0d0cf9bb2109a5f7.jpg,4,2,3,Concrete,Wood/Siding,Medium Multi Family Dwelling - 5-50 Units
00000028.jpg,2,7,19,Wood/Siding,None,Agriculture
gsun_0c316d50d5522479fa2d5cc99af8a7bc.jpg,3,5,5,Glass,Steel,Retail or Professional Services
sun_aywulyspgjlixqbw.jpg,2,7,19,Wood/Siding,None,Agriculture
00000458.jpg,5,2,7,Steel,Wood/Siding,Technology/Research
00000116.jpg,1,4,20,Brick,Concrete,Lodging
sun_aaancoinbvtdypbc.jpg,8,8,5,Deleted,Deleted,Retail or Professional Services
gsun_1a4dfcbcc0da7fc806c51a169725cdf6.jpg,5,3,5,Steel,Glass,Retail or Professional Services
gsun_0d6729981e4fb43b3316e830fbf89740.jpg,8,8,5,Deleted,Deleted,Retail or Professional Services
gsun_01eabcf629b9a3bcc6b80d0e3d44d5e7.jpg,1,4,8,Brick,Concrete,Entertainment & Recreation
gsun_0b4afe033a8bd73d991ebb4a502ce15c.jpg,4,7,3,Concrete,None,Medium Multi Family Dwelling - 5-50 Units
00000699.jpg,4,1,2,Concrete,Brick,Small Multi Family Dwelling - 2-4 Units
gsun_1a4d444a02f531ec66cb06ceef6532f5.jpg,5,4,20,Steel,Concrete,Lodging
gsun_1ac14c71dc5943cc3af0b154d67ce0e6.jpg,5,7,8,Steel,None,Entertainment & Recreation
sun_adeipmgjiwubxylp.jpg,4,2,7,Concrete,Wood/Siding,Technology/Research
sun_acyamlgftsglkvwl.jpg,8,8,8,Deleted,Deleted,Entertainment & Recreation
sun_aqzgnehwvabgmktq.jpg,1,7,2,Brick,None,Small Multi Family Dwelling - 2-4 Units
00002058.jpg,4,2,7,Concrete,Wood/Siding,Technology/Research
gsun_0c350ea5b93eedcc5882e532dde82877.jpg,1,5,22,Brick,Steel,Construction
sun_ayuvpqwelmugkstk.jpg,5,7,16,Steel,None,Mobile Home
00000896.jpg,4,2,5,Concrete,Wood/Siding,Retail or Professional Services
gsun_0cd2fcace76e37a2037856a337d828a3.jpg,8,8,8,Deleted,Deleted,Entertainment & Recreation
sun_abklfhkdkceatnzv.jpg,4,7,5,Concrete,None,Retail or Professional Services
00000899.jpg,6,2,5,Stone,Wood/Siding,Retail or Professional Services
sun_aqrjmhechhuxxayi.jpg,2,7,1,Wood/Siding,None,Single Family Dwelling
sun_aabkmybhvkwksztr.jpg,1,2,5,Brick,Wood/Siding,Retail or Professional Services
gsun_0b65b4d1622f75ca3fbdc6fee6dc92be.jpg,8,8,20,Deleted,Deleted,Lodging
sun_aabkgosnledmbnil.jpg,4,7,20,Concrete,None,Lodging
gsun_0a33cb41938dcc436a31d8a1c51df7eb.jpg,2,7,5,Wood/Siding,None,Retail or Professional Services
00000071.jpg,1,2,10,Brick,Wood/Siding,Grade Schools
00001372.jpg,4,7,5,Concrete,None,Retail or Professional Services
00000280.jpg,2,7,1,Wood/Siding,None,Single Family Dwelling
00000694.jpg,4,2,1,Concrete,Wood/Siding,Single Family Dwelling
gsun_0d51ffb6fee44f855a4a813426c58d10.jpg,5,3,5,Steel,Glass,Retail or Professional Services
sun_azbiqxguipzlguhf.jpg,3,5,5,Glass,Steel,Retail or Professional Services
gsun_0ddfe1832d711d07525652fa3c88b8df.jpg,4,7,5,Concrete,None,Retail or Professional Services
sun_abhxhztnbhldtgkg.jpg,4,7,5,Concrete,None,Retail or Professional Services
sun_abfnwdpmfqcbkgba.jpg,4,2,20,Concrete,Wood/Siding,Lodging
00000567.jpg,8,8,7,Deleted,Deleted,Technology/Research
sun_ajgegksdsyhldiep.jpg,4,1,20,Concrete,Brick,Lodging
gsun_0a4f4a7e913b1f431c409d1cf3c3d98d.jpg,2,1,5,Wood/Siding,Brick,Retail or Professional Services
gsun_000e8fb66673e19c1470360d40d6c579.jpg,4,2,12,Concrete,Wood/Siding,Emergency Response
gsun_1bee86531296fd9d0ef47872a80667a7.jpg,4,7,8,Concrete,None,Entertainment & Recreation
gsun_0bc7baa3c21e6e4144589ade988f97a6.jpg,4,7,3,Concrete,None,Medium Multi Family Dwelling - 5-50 Units
gsun_0c0445f060c657df7b4ff372e316d58d.jpg,4,2,3,Concrete,Wood/Siding,Medium Multi Family Dwelling - 5-50 Units
sun_apeyclupvyqdeoxz.jpg,4,7,3,Concrete,None,Medium Multi Family Dwelling - 5-50 Units
gsun_0c6faf279be76ed9da5237dad95e8624.jpg,2,7,1,Wood/Siding,None,Single Family Dwelling
gsun_0a8847d9ebe410b0766a6262c3bfa752.jpg,4,7,5,Concrete,None,Retail or Professional Services
00000069.jpg,1,4,9,Brick,Concrete,Colleges/Universities
gsun_0cf6d0575a68e8e44e37d77575ea0239.jpg,8,8,5,Deleted,Deleted,Retail or Professional Services
gsun_0f039b85bd12d55dce5ca31bde9abfc0.jpg,3,5,5,Glass,Steel,Retail or Professional Services
sun_bybiqzfldjekujwa.jpg,1,5,1,Brick,Steel,Single Family Dwelling
gsun_0a4f7435d2702cde679bc381ebc0f94a.jpg,4,2,20,Concrete,Wood/Siding,Lodging
gsun_0c6f6a65f0de885b5f1bc050793ac66e.jpg,4,1,11,Concrete,Brick,Government
gsun_0eb720be7e4ebbbabd7d6f00135c5be4.jpg,5,3,22,Steel,Glass,Construction
00000018.jpg,2,7,19,Wood/Siding,None,Agriculture
00001613.jpg,8,8,19,Deleted,Deleted,Agriculture
gsun_0e5efd9b4c543101459394c53b048029.jpg,1,3,6,Brick,Glass,Industry/Manufacturing
gsun_0ca6d785b388ed5dd81520c4b8abf27a.jpg,8,8,17,Deleted,Deleted,Parking
sun_ayxtkevurakzchjh.jpg,2,7,1,Wood/Siding,None,Single Family Dwelling
00000283.jpg,2,7,1,Wood/Siding,None,Single Family Dwelling
sun_ajitfqyiepkgfkks.jpg,1,7,1,Brick,None,Single Family Dwelling
sun_aabqlwywekzoynbm.jpg,5,3,8,Steel,Glass,Entertainment & Recreation
gsun_0ca461e9ea631f35fff16a4858ae0f9b.jpg,1,7,11,Brick,None,Government
00000800.jpg,2,7,22,Wood/Siding,None,Construction
sun_bxhxbmuipieragpx.jpg,4,3,11,Concrete,Glass,Government
00003699.jpg,4,1,3,Concrete,Brick,Medium Multi Family Dwelling - 5-50 Units
gsun_0ab5bff82a9fe853e18f437e3bb63249.jpg,1,2,21,Brick,Wood/Siding,Church/Non-Profit
00002330.jpg,4,3,5,Concrete,Glass,Retail or Professional Services
gsun_2954998a4badd0bf15f79d91fe783803.jpg,4,7,5,Concrete,None,Retail or Professional Services
00000022.jpg,2,7,19,Wood/Siding,None,Agriculture
gsun_0c997946789849d96788c31f482a41fb.jpg,4,2,3,Concrete,Wood/Siding,Medium Multi Family Dwelling - 5-50 Units
gsun_00a3de9664feb89a563ed4cc5ccbc5b7.jpg,4,3,5,Concrete,Glass,Retail or Professional Services
00000795.jpg,4,2,1,Concrete,Wood/Siding,Single Family Dwelling
00000026.jpg,8,8,19,Deleted,Deleted,Agriculture
gsun_0f61e9b6bcf3a3fc08172400ad5dc949.jpg,4,7,6,Concrete,None,Industry/Manufacturing
00002646.jpg,8,8,7,Deleted,Deleted,Technology/Research
gsun_0bc7ecd589f656f207808319c715a954.jpg,4,2,1,Concrete,Wood/Siding,Single Family Dwelling
00000064.jpg,4,1,9,Concrete,Brick,Colleges/Universities
gsun_0eab17721b62266409e91df9e67f0875.jpg,1,2,5,Brick,Wood/Siding,Retail or Professional Services
00000895.jpg,4,7,3,Concrete,None,Medium Multi Family Dwelling - 5-50 Units
00004526.jpg,6,2,21,Stone,Wood/Siding,Church/Non-Profit
00002138.jpg,4,7,5,Concrete,None,Retail or Professional Services
gsun_3057814e5f17efed9611897dfea9264a.jpg,4,3,5,Concrete,Glass,Retail or Professional Services
sun_azaahqiwrglzvmqj.jpg,6,7,1,Stone,None,Single Family Dwelling
00000049.jpg,2,7,19,Wood/Siding,None,Agriculture
gsun_0e6a3d92a8c97a51917d1066f9b1e10e.jpg,1,2,1,Brick,Wood/Siding,Single Family Dwelling
00002331.jpg,8,8,5,Deleted,Deleted,Retail or Professional Services
00000904.jpg,4,2,1,Concrete,Wood/Siding,Single Family Dwelling
00004951.jpg,4,7,5,Concrete,None,Retail or Professional Services
gsun_0f41d7d6b0a940f45a32a7b0323593f9.jpg,5,3,5,Steel,Glass,Retail or Professional Services
00004380.jpg,4,7,5,Concrete,None,Retail or Professional Services
gsun_0a7500b09d2ddc8c1c6d344b75162f97.jpg,4,1,3,Concrete,Brick,Medium Multi Family Dwelling - 5-50 Units
00000097.jpg,4,7,3,Concrete,None,Medium Multi Family Dwelling - 5-50 Units
00001936.jpg,8,8,17,Deleted,Deleted,Parking
gsun_0e6a0fc8f9e19f6701bfd927068468ea.jpg,4,7,5,Concrete,None,Retail or Professional Services
00004949.jpg,2,7,1,Wood/Siding,None,Single Family Dwelling
gsun_0a4cbed7f6ba542c69fa51c04ff49226.jpg,4,7,5,Concrete,None,Retail or Professional Services
00000295.jpg,2,7,1,Wood/Siding,None,Single Family Dwelling
00004387.jpg,4,7,20,Concrete,None,Lodging
gsun_00a1ec03d8a7c740ae1f6e6656d099c4.jpg,4,7,5,Concrete,None,Retail or Professional Services
00000692.jpg,2,7,1,Wood/Siding,None,Single Family Dwelling
00000039.jpg,4,2,1,Concrete,Wood/Siding,Single Family Dwelling
gsun_1abe73b5bcbb0418f6270af52297a6ae.jpg,4,1,20,Concrete,Brick,Lodging
00002140.jpg,4,7,4,Concrete,None,Large Multi Family Dwelling - >50 Units
00001779.jpg,4,5,5,Concrete,Steel,Retail or Professional Services
gsun_0ab620876aef8dd27d928dd2f6ab848a.jpg,4,7,11,Concrete,None,Government
00000087.jpg,1,7,20,Brick,None,Lodging
gsun_0b4a70422f4cc4ef765da12c66f59538.jpg,4,7,20,Concrete,None,Lodging
gsun_0cd4c1f7767affc773da77da5412ae00.jpg,4,7,9,Concrete,None,Colleges/Universities
gsun_0cd77b47b4d571e97345819037c41259.jpg,4,7,5,Concrete,None,Retail or Professional Services
00001938.jpg,2,7,20,Wood/Siding,None,Lodging
gsun_1a4b727d15977af0d46a9f1e9c5f2c57.jpg,1,2,1,Brick,Wood/Siding,Single Family Dwelling
00004386.jpg,5,2,5,Steel,Wood/Siding,Retail or Professional Services
gsun_0bc3c11300dd5b662303a676d54be3c5.jpg,4,2,1,Concrete,Wood/Siding,Single Family Dwelling
00001063.jpg,5,3,5,Steel,Glass,Retail or Professional Services
gsun_a48aa1e48a9a7fdc868223e09edad817.jpg,4,7,3,Concrete,None,Medium Multi Family Dwelling - 5-50 Units
00000697.jpg,4,2,1,Concrete,Wood/Siding,Single Family Dwelling
00000031.jpg,2,7,1,Wood/Siding,None,Single Family Dwelling
00000061.jpg,4,1,8,Concrete,Brick,Entertainment & Recreation
sun_aqrsntwvlwrnthev.jpg,5,3,5,Steel,Glass,Retail or Professional Services
sun_aytyjpljymstrrzb.jpg,1,4,21,Brick,Concrete,Church/Non-Profit
00000566.jpg,4,5,8,Concrete,Steel,Entertainment & Recreation
00000294.jpg,2,7,20,Wood/Siding,None,Lodging
sun_adbnzarehhmpxrop.jpg,5,3,7,Steel,Glass,Technology/Research
gsun_0d4ecb869c9f959cb7f01292fdad644c.jpg,4,3,5,Concrete,Glass,Retail or Professional Services
00000066.jpg,4,1,21,Concrete,Brick,Church/Non-Profit
gsun_0f50f728ba675be8ca90daa65e0beb9b.jpg,4,5,22,Concrete,Steel,Construction
gsun_4026932be8303fee7b0efcfdb14071a6.jpg,4,7,3,Concrete,None,Medium Multi Family Dwelling - 5-50 Units
00000693.jpg,6,2,1,Stone,Wood/Siding,Single Family Dwelling
sun_apfvwkmwftpaolod.jpg,4,7,9,Concrete,None,Colleges/Universities
sun_apdgzhvhggwffozg.jpg,3,4,5,Glass,Concrete,Retail or Professional Services
sun_aabeeufygtjcsego.jpg,2,7,1,Wood/Siding,None,Single Family Dwelling
00000282.jpg,2,7,1,Wood/Siding,None,Single Family Dwelling
00000051.jpg,2,7,19,Wood/Siding,None,Agriculture
00000034.jpg,4,5,19,Concrete,Steel,Agriculture
gsun_1a4d55f3e5729746b75751663aa31aef.jpg,5,3,5,Steel,Glass,Retail or Professional Services
gsun_1bd72df1831f5557b4569ac3dc444b09.jpg,8,8,20,Deleted,Deleted,Lodging
00000089.jpg,4,7,3,Concrete,None,Medium Multi Family Dwelling - 5-50 Units
00003042.jpg,1,2,1,Brick,Wood/Siding,Single Family Dwelling
gsun_0bec685b9d6483a2d21b84c0035cbc27.jpg,1,7,21,Brick,None,Church/Non-Profit
gsun_0b4f93ac8285b253c94308ff02247101.jpg,8,8,8,Deleted,Deleted,Entertainment & Recreation
gsun_0d4fda2ae2758f0e2f0ff9955123d496.jpg,1,2,1,Brick,Wood/Siding,Single Family Dwelling
00000113.jpg,4,2,3,Concrete,Wood/Siding,Medium Multi Family Dwelling - 5-50 Units
00002145.jpg,5,7,5,Steel,None,Retail or Professional Services
00001048.jpg,4,7,7,Concrete,None,Technology/Research
gsun_0ca8b7f15bc0ecf177260b5aaebdc6d0.jpg,4,2,21,Concrete,Wood/Siding,Church/Non-Profit
gsun_1a3f4346116b5dfeae01aa05be8ce53e.jpg,2,7,10,Wood/Siding,None,Grade Schools
00001933.jpg,8,8,19,Deleted,Deleted,Agriculture
00000449.jpg,8,8,7,Deleted,Deleted,Technology/Research
sun_apelkjssunxafkdi.jpg,5,3,5,Steel,Glass,Retail or Professional Services
gsun_0d65e19de95d981136e06b62f8b7fe47.jpg,1,2,1,Brick,Wood/Siding,Single Family Dwelling
gsun_0cf488c80202256de6ed7ea59b5be5da.jpg,4,7,2,Concrete,None,Small Multi Family Dwelling - 2-4 Units
gsun_00d8b7b383ce945ec418e6e103923e85.jpg,1,7,3,Brick,None,Medium Multi Family Dwelling - 5-50 Units
gsun_0ce655feb0d70202765554ff7588f45d.jpg,4,5,5,Concrete,Steel,Retail or Professional Services
gsun_0c57042363139b5e8a94095d0d3daa4a.jpg,2,7,1,Wood/Siding,None,Single Family Dwelling
gsun_01e29237069fbdae280b92cb48577a74.jpg,2,1,1,Wood/Siding,Brick,Single Family Dwelling
gsun_0a30f7dff8968e67bf1a3216f5b19c87.jpg,1,2,9,Brick,Wood/Siding,Colleges/Universities
gsun_0f1e84ff6e032bbe592fbdc343fc9600.jpg,8,8,10,Deleted,Deleted,Grade Schools
gsun_0b4dd34ba64b640bbad5ebb39923310c.jpg,4,2,3,Concrete,Wood/Siding,Medium Multi Family Dwelling - 5-50 Units
00000454.jpg,2,5,7,Wood/Siding,Steel,Technology/Research
00001610.jpg,8,8,20,Deleted,Deleted,Lodging
gsun_0cf036fda62cabab0d7ee7bd53a6bc9c.jpg,4,5,5,Concrete,Steel,Retail or Professional Services
00001371.jpg,4,2,3,Concrete,Wood/Siding,Medium Multi Family Dwelling - 5-50 Units
00001061.jpg,4,7,5,Concrete,None,Retail or Professional Services
00000115.jpg,1,7,3,Brick,None,Medium Multi Family Dwelling - 5-50 Units
sun_ayxozzvbvumhqxaj.jpg,5,2,6,Steel,Wood/Siding,Industry/Manufacturing
00000032.jpg,2,7,19,Wood/Siding,None,Agriculture
00001365.jpg,2,7,1,Wood/Siding,None,Single Family Dwelling
00002336.jpg,5,3,5,Steel,Glass,Retail or Professional Services
00000452.jpg,2,5,7,Wood/Siding,Steel,Technology/Research
gsun_0a4d1e902c82a5c95622844c1857bd4e.jpg,4,7,9,Concrete,None,Colleges/Universities
gsun_01e77f32e67ee9546ee96cb453991b6d.jpg,4,7,5,Concrete,None,Retail or Professional Services
00000070.jpg,1,2,3,Brick,Wood/Siding,Medium Multi Family Dwelling - 5-50 Units
00002056.jpg,1,7,5,Brick,None,Retail or Professional Services
gsun_0bea17e6d99b4c562c9486399e85bc1e.jpg,4,5,5,Concrete,Steel,Retail or Professional Services
00000453.jpg,8,8,7,Deleted,Deleted,Technology/Research
sun_abjxykthgjfwaxpo.jpg,4,5,9,Concrete,Steel,Colleges/Universities
gsun_0b05e00ba6138f1e27097510559b430d.jpg,4,2,10,Concrete,Wood/Siding,Grade Schools
gsun_0ddacde188f116ec32dced6003f6b698.jpg,2,7,1,Wood/Siding,None,Single Family Dwelling
00001615.jpg,1,7,1,Brick,None,Single Family Dwelling
gsun_1bca2dd2c2e0b7c860f1ec07b15097cd.jpg,4,7,5,Concrete,None,Retail or Professional Services
00000065.jpg,4,7,9,Concrete,None,Colleges/Universities
gsun_0d6936141dede57d47fb2809abd47548.jpg,2,7,1,Wood/Siding,None,Single Family Dwelling
gsun_0d57df3bd8ed7457c07c7f288804b671.jpg,4,7,3,Concrete,None,Medium Multi Family Dwelling - 5-50 Units
00001369.jpg,2,7,1,Wood/Siding,None,Single Family Dwelling
00002057.jpg,4,1,5,Concrete,Brick,Retail or Professional Services
00000062.jpg,1,4,21,Brick,Concrete,Church/Non-Profit
gsun_0c4985cde52c612d5efcc0b460ccec30.jpg,2,7,1,Wood/Siding,None,Single Family Dwelling
gsun_0d734912c6002fef97d8f3b2f1cb3a3a.jpg,2,7,8,Wood/Siding,None,Entertainment & Recreation
00000574.jpg,2,7,8,Wood/Siding,None,Entertainment & Recreation
